# .PCD v0.7 - Point Cloud Data file format
VERSION 0.7
FIELDS x y z rgb
SIZE 4 4 4 4
TYPE F F F U
COUNT 1 1 1 1
WIDTH 3660
HEIGHT 1
VIEWPOINT 0 0 0 1 0 0 0
POINTS 3660
DATA ascii
0.57650715 -0.15789483 0.63891286 4291183155
0.57823342 -0.15789369 0.63891387 4290647317
0.57650602 -0.15616859 0.63890463 4292877340
0.57880771 -0.1561671 0.638906 4292877340
0.58110934 -0.15616561 0.63890743 4292418331
0.58341068 -0.15558869 0.63890606 4292877340
0.58513689 -0.15558758 0.63890713 4290647317
0.57477832 -0.15386809 0.63889265 4291248948
0.57650459 -0.15386698 0.63889366 4292877340
0.57880622 -0.15386549 0.63889509 4292877340
0.58110785 -0.15386398 0.63889647 4292877340
0.58340955 -0.15386249 0.6388979 4292877340
0.58571118 -0.153861 0.63889927 4292745754
0.58835804 -0.15374419 0.63890034 4292483867
0.5913077 -0.15325069 0.63939983 4291303448
0.57439309 -0.15137489 0.63888055 4291704107
0.5765031 -0.15156533 0.6388827 4292877340
0.57880473 -0.15156382 0.63888413 4292877340
0.58110642 -0.15156233 0.6388855 4292943133
0.58340806 -0.15156084 0.63888693 4292877340
0.58570969 -0.15155934 0.6388883 4292811547
0.58858681 -0.15155749 0.63889009 4292877340
0.59146386 -0.15155561 0.63889182 4292943133
0.59376556 -0.15155412 0.63889319 4291172633
0.57419991 -0.1492652 0.63887036 4292811547
0.57650161 -0.14926371 0.63887179 4292943133
0.57880324 -0.1492622 0.63887316 4292745754
0.58110493 -0.14926071 0.63887459 4292877340
0.58340657 -0.14925921 0.63887596 4292943133
0.5857082 -0.14925772 0.63887739 4292877340
0.58858532 -0.14925584 0.63887912 4292943133
0.59146237 -0.14925399 0.63888085 4292877340
0.59346873 -0.14942184 0.63921624 4291237912
0.57362264 -0.14638855 0.63885635 4292486177
0.5764997 -0.14638667 0.63885808 4292877340
0.57880139 -0.14638516 0.63885945 4292811547
0.58110303 -0.14638367 0.63886088 4292943133
0.58340472 -0.14638217 0.63886225 4292811547
0.58570635 -0.14638068 0.63886368 4292745754
0.58858341 -0.1463788 0.63886541 4292877340
0.59146053 -0.14637695 0.63886714 4292745754
0.59303075 -0.14691468 0.63937074 4288287764
0.5713191 -0.14351299 0.63884121 4292030247
0.5736208 -0.14351149 0.63884264 4292679961
0.57649785 -0.14350963 0.63884437 4292811547
0.57879955 -0.14350812 0.6388458 4292877340
0.58110118 -0.14350663 0.63884717 4292877340
0.58340281 -0.14350513 0.6388486 4292877340
0.58570451 -0.14350364 0.63884997 4292811547
0.58858156 -0.14350176 0.6388517 4292745754
0.59138 -0.14348029 0.63910329 4290516759
0.57093388 -0.14101979 0.63882911 4292877340
0.57361931 -0.14120984 0.63883168 4292877340
0.57649636 -0.14120799 0.6388334 4292811547
0.57879806 -0.1412065 0.63883483 4292877340
0.58109969 -0.14120501 0.63883621 4292943133
0.58340138 -0.14120351 0.63883764 4292811547
0.58570302 -0.14120202 0.63883901 4292811547
0.58858007 -0.14120014 0.63884079 4292877340
0.59088176 -0.14119864 0.63884217 4290582552
0.56901413 -0.13833579 0.63881516 4289554763
0.57074076 -0.1389101 0.63881898 4292811547
0.57361782 -0.13890822 0.63882071 4292877340
0.57649487 -0.13890634 0.6388225 4292877340
0.57879657 -0.13890485 0.63882387 4292811547
0.5810982 -0.13890335 0.6388253 4292943133
0.58339989 -0.13890186 0.63882667 4292877340
0.58570153 -0.13890037 0.63882804 4292877340
0.58857858 -0.13889852 0.63882983 4292745754
0.569013 -0.1366096 0.638807 4292877340
0.57073927 -0.13660845 0.63880801 4292811547
0.57361633 -0.1366066 0.6388098 4292811547
0.57649338 -0.13660473 0.63881153 4292943133
0.57879508 -0.13660322 0.6388129 4292811547
0.58109671 -0.13660173 0.63881433 4292943133
0.5833984 -0.13660024 0.6388157 4292943133
0.58570004 -0.13659874 0.63881713 4292811547
0.58834702 -0.1367121 0.63881928 4292025115
0.52629197 -0.13372922 0.63910055 4290392873
0.56843609 -0.13430832 0.63879567 4291964455
0.57073778 -0.13430683 0.63879704 4292943133
0.57361484 -0.13430496 0.63879883 4292811547
0.57649189 -0.13430311 0.63880056 4292943133
0.57879359 -0.1343016 0.63880199 4292877340
0.58109522 -0.13430011 0.63880336 4292811547
0.58339691 -0.13429861 0.63880473 4292877340
0.58569854 -0.13429712 0.63880616 4292811547
0.58792025 -0.13427238 0.6390574 4291106840
0.52412659 -0.13030921 0.6387496 4289620556
0.52585357 -0.13145894 0.6387561 4292811547
0.52815521 -0.13145742 0.63875753 4292745754
0.5308677 -0.13112685 0.63875759 4292483610
0.5337171 -0.13068658 0.63875723 4292221723
0.5362103 -0.13030139 0.63875693 4291762457
0.56670761 -0.13085698 0.63877821 4291117362
0.56843424 -0.13143128 0.63878196 4292877340
0.57073593 -0.13142978 0.6387834 4292877340
0.57361299 -0.1314279 0.63878512 4292877340
0.57649004 -0.13142605 0.63878685 4292811547
0.57879168 -0.13142453 0.63878828 4292877340
0.58109337 -0.13142307 0.63878965 4292811547
0.58339506 -0.13142154 0.63879108 4292877340
0.58589721 -0.13124147 0.63893461 4292155930
0.58742332 -0.13199435 0.63879627 4290582552
0.52412546 -0.12858301 0.63874137 4292877340
0.52585173 -0.1285819 0.63874245 4292877340
0.52815336 -0.12858039 0.63874382 4292811547
0.53103042 -0.12857851 0.63874555 4292811547
0.53390753 -0.12857665 0.63874733 4292811547
0.53620917 -0.12857515 0.63874871 4292877340
0.53851086 -0.12857366 0.63875014 4292549403
0.54048866 -0.12834713 0.63908362 4292155930
0.54291862 -0.12794431 0.63924986 4291303705
0.56632239 -0.1283638 0.63876611 4292287516
0.56843239 -0.12855424 0.63876826 4292877340
0.57073408 -0.12855273 0.63876969 4292877340
0.57361114 -0.12855089 0.63877141 4292811547
0.5764882 -0.12854901 0.6387732 4292745754
0.57878989 -0.12854752 0.63877457 4292877340
0.58109152 -0.12854603 0.638776 4292811547
0.58339316 -0.12854452 0.63877738 4292811547
0.58569479 -0.12854303 0.63877875 4291631385
0.52312672 -0.12617715 0.63972938 4292355104
0.52577764 -0.12606016 0.63973045 4292811547
0.52852088 -0.12622564 0.63923287 4292811547
0.53125918 -0.12639183 0.63873529 4292811547
0.53390604 -0.12627502 0.63873637 4292943133
0.53620768 -0.12627353 0.63873774 4292745754
0.53850937 -0.12627204 0.63873917 4292811547
0.540811 -0.12627053 0.63874054 4292877340
0.5431127 -0.12626904 0.63874197 4292877340
0.54592562 -0.12624988 0.63891023 4292155930
0.54886645 -0.12568989 0.63874269 4291893786
0.55021316 -0.12558325 0.63974309 4290252559
0.56612927 -0.12625411 0.63875592 4292877340
0.5684309 -0.12625262 0.63875735 4292745754
0.57073259 -0.12625112 0.63875872 4292943133
0.57360965 -0.12624924 0.63876051 4292811547
0.57648671 -0.12624736 0.63876224 4292943133
0.5787884 -0.12624587 0.63876361 4292943133
0.58109003 -0.12624437 0.63876504 4292877340
0.58339167 -0.12624291 0.63876641 4292745754
0.58539379 -0.12639876 0.63910174 4291435034
0.52139586 -0.12329672 0.6397146 4292877340
0.52312523 -0.12387189 0.63971841 4292745754
0.52600676 -0.12387003 0.63972008 4292811547
0.52888834 -0.12386815 0.63972193 4292745754
0.53119361 -0.12386665 0.6397233 4292877340
0.53349888 -0.12386515 0.63972473 4292877340
0.5360052 -0.12391732 0.63922644 4292811547
0.53840804 -0.12394311 0.638978 4292811547
0.54080951 -0.12396891 0.63872957 4292877340
0.54311121 -0.12396742 0.638731 4292877340
0.54598826 -0.12396554 0.63873273 4292943133
0.54886532 -0.12396366 0.63873452 4292877340
0.55116701 -0.12396216 0.63873589 4292811547
0.55327666 -0.12376902 0.63873625 4292221723
0.55576992 -0.12338378 0.63873595 4291959579
0.56440151 -0.12395357 0.63874394 4292025629
0.56612778 -0.12395246 0.63874501 4292877340
0.56842941 -0.12395097 0.63874638 4292877340
0.5707311 -0.12394947 0.63874775 4292811547
0.57360816 -0.12394762 0.63874954 4292811547
0.57648522 -0.12394574 0.63875127 4292943133
0.57878691 -0.12394425 0.6387527 4292811547
0.58108854 -0.12394275 0.63875407 4292877340
0.58339018 -0.12394126 0.63875544 4292877340
0.58495373 -0.12388554 0.63925618 4288221971
0.5210104 -0.12137593 0.63970524 4291769643
0.52312374 -0.12156666 0.63970745 4292877340
0.52600527 -0.12156481 0.63970912 4292943133
0.52888685 -0.12156292 0.6397109 4292943133
0.53119212 -0.12156142 0.63971233 4292745754
0.53349739 -0.12155993 0.6397137 4292877340
0.53580266 -0.12155842 0.63971514 4292745754
0.53810793 -0.12155692 0.63971651 4292811547
0.54075891 -0.12143993 0.63971758 4292811547
0.54349041 -0.12160903 0.63922006 4292811547
0.54613966 -0.12175629 0.63892227 4292877340
0.54886383 -0.12166204 0.63872355 4292877340
0.55116552 -0.12166055 0.63872492 4292943133
0.55346715 -0.12165905 0.63872635 4292811547
0.55576879 -0.12165755 0.63872772 4292811547
0.55807048 -0.12165606 0.63872916 4292811547
0.56065965 -0.12136667 0.63872933 4292024601
0.56401628 -0.1214604 0.63873184 4292811547
0.56612629 -0.12165084 0.63873404 4292877340
0.56842792 -0.12164934 0.63873541 4292811547
0.57072955 -0.12164784 0.63873684 4292877340
0.57360667 -0.12164596 0.63873857 4292811547
0.57648373 -0.12164409 0.6387403 4292811547
0.57878542 -0.1216426 0.63874173 4292811547
0.58108705 -0.1216411 0.6387431 4292943133
0.58338875 -0.12163963 0.63874453 4291696921
0.52081698 -0.11926293 0.63969505 4292877340
0.52312225 -0.11926143 0.63969648 4292811547
0.52600378 -0.11925955 0.63969815 4292877340
0.52888536 -0.11925767 0.63969994 4292811547
0.53119063 -0.1192562 0.63970137 4292811547
0.5334959 -0.11925469 0.63970274 4292811547
0.53580117 -0.1192532 0.63970417 4292877340
0.53810644 -0.1192517 0.63970554 4293008926
0.54098803 -0.11924981 0.63970727 4292877340
0.54386961 -0.11924796 0.63970906 4292877340
0.54617488 -0.11924646 0.63971049 4292811547
0.54848015 -0.11924496 0.63971186 4292811547
0.55097473 -0.11930075 0.63921362 4292877340
0.55337167 -0.11932833 0.63896519 4292877340
0.5557673 -0.11935593 0.63871676 4292745754
0.55806899 -0.11935443 0.63871819 4292745754
0.56094605 -0.11935256 0.63871992 4292745754
0.5638231 -0.11935071 0.63872164 4292877340
0.5661248 -0.11934918 0.63872308 4292877340
0.56842643 -0.11934772 0.63872445 4292679961
0.57072812 -0.11934622 0.63872588 4292943133
0.57360518 -0.11934435 0.63872761 4292943133
0.57648224 -0.11934247 0.63872933 4292943133
0.57878393 -0.11934097 0.63873076 4292745754
0.58108556 -0.1193395 0.63873214 4292745754
0.58308649 -0.11949172 0.63906747 4291237912
0.51908612 -0.1163825 0.63968033 4290662203
0.52081507 -0.11638135 0.63968128 4292811547
0.52312034 -0.11637986 0.63968271 4292811547
0.52600193 -0.116378 0.63968444 4292877340
0.52888352 -0.11637612 0.63968617 4292811547
0.53118879 -0.11637462 0.6396876 4292811547
0.53349406 -0.11637312 0.63968897 4292877340
0.53579932 -0.11637162 0.6396904 4292877340
0.53810459 -0.11637013 0.63969177 4292877340
0.54098618 -0.11636827 0.63969356 4292811547
0.54386777 -0.11636639 0.63969529 4292877340
0.54617304 -0.11636489 0.63969672 4292943133
0.54847831 -0.11636339 0.63969809 4292877340
0.55078357 -0.11636192 0.63969952 4292811547
0.55308884 -0.11636042 0.63970089 4292877340
0.55597037 -0.11635853 0.63970262 4292811547
0.55880994 -0.11614987 0.63950342 4292943133
0.56111765 -0.11658777 0.63913548 4292877340
0.56370169 -0.11643307 0.63904107 4292811547
0.56606358 -0.11645187 0.6388759 4292943133
0.56842458 -0.11647068 0.6387108 4292943133
0.57072622 -0.11646918 0.63871217 4292877340
0.57360333 -0.1164673 0.6387139 4292811547
0.57648039 -0.11646543 0.63871568 4292745754
0.57878202 -0.11646393 0.63871706 4292877340
0.58108371 -0.11646243 0.63871849 4292943133
0.5828107 -0.11761213 0.63872498 4288353557
0.52311885 -0.11407463 0.6396718 4291248948
0.52623063 -0.11361156 0.63967144 4292226086
0.52888167 -0.11349458 0.63967252 4292811547
0.53118694 -0.11349308 0.63967395 4292943133
0.53349221 -0.11349158 0.63967532 4292877340
0.53579742 -0.11349008 0.63967675 4292877340
0.53810269 -0.11348858 0.63967812 4292943133
0.54098427 -0.11348673 0.63967985 4292811547
0.54386586 -0.11348484 0.63968164 4292877340
0.54617113 -0.11348335 0.63968301 4292943133
0.5484764 -0.11348185 0.63968444 4292811547
0.55078167 -0.11348034 0.63968581 4292811547
0.55308694 -0.11347888 0.63968724 4292811547
0.55596852 -0.11347699 0.63968891 4292745754
0.55885011 -0.11347511 0.63969076 4292745754
0.56115538 -0.11347361 0.63969213 4292811547
0.56346065 -0.11347214 0.63969356 4292811547
0.56576592 -0.11347064 0.63969493 4292877340
0.56807119 -0.11346914 0.63969636 4292679961
0.57086134 -0.11340157 0.63929772 4292943133
0.57383168 -0.11370519 0.6387009 4292877340
0.57647854 -0.11358839 0.63870198 4292877340
0.57878017 -0.11358689 0.63870335 4292811547
0.58108187 -0.11358539 0.63870478 4292877340
0.58319157 -0.11339225 0.63870513 4292024344
0.58552301 -0.1129443 0.63920444 4291435034
0.52945685 -0.11176528 0.63966465 4289554763
0.53118581 -0.11176413 0.63966572 4292877340
0.53349072 -0.11118636 0.63966435 4292486691
0.53579599 -0.11118485 0.63966578 4292943133
0.5381012 -0.11118335 0.63966715 4292745754
0.54098278 -0.11118147 0.63966882 4292877340
0.54386437 -0.11117962 0.63967067 4292811547
0.54616964 -0.11117812 0.63967204 4292745754
0.54847491 -0.11117662 0.63967347 4292745754
0.55078018 -0.11117512 0.63967484 4292811547
0.55308545 -0.11117361 0.63967627 4292811547
0.55596703 -0.11117174 0.63967794 4292811547
0.55884862 -0.11116988 0.63967979 4292745754
0.56115389 -0.11116838 0.63968116 4292811547
0.56345916 -0.11116689 0.63968259 4292745754
0.56576443 -0.11116538 0.63968396 4292877340
0.5680697 -0.11116388 0.63968533 4292811547
0.57095128 -0.111162 0.63968706 4292877340
0.57383287 -0.11116015 0.63968885 4292943133
0.57613814 -0.11115865 0.63969028 4292811547
0.57861102 -0.11122078 0.63919204 4292877340
0.58099723 -0.11125151 0.63894361 4292877340
0.58338201 -0.11128227 0.63869524 4292877340
0.58568364 -0.11128078 0.63869661 4292877340
0.58850771 -0.1112577 0.63886487 4292221723
0.59143746 -0.11070164 0.63869739 4291828250
0.59285092 -0.11057148 0.63969767 4290844696
0.53637117 -0.10945556 0.63965786 4293008926
0.53829199 -0.1090701 0.6396572 4291704107
0.54098129 -0.10887624 0.63965786 4292745754
0.54386288 -0.10887436 0.6396597 4292877340
0.54616815 -0.10887289 0.63966107 4293008926
0.54847342 -0.10887139 0.6396625 4292811547
0.55077869 -0.10886989 0.63966388 4292877340
0.55308396 -0.10886839 0.63966531 4292877340
0.55596554 -0.10886651 0.63966697 4292811547
0.55884713 -0.10886466 0.63966876 4292877340
0.5611524 -0.10886315 0.63967019 4292877340
0.56345767 -0.10886165 0.63967156 4292877340
0.56576294 -0.10886016 0.63967299 4292811547
0.56806821 -0.10885865 0.63967437 4292877340
0.57094979 -0.10885677 0.63967609 4292943133
0.57383138 -0.10885492 0.63967788 4292811547
0.57613665 -0.10885342 0.63967931 4292811547
0.57844192 -0.10885192 0.63968068 4292877340
0.58074713 -0.10885042 0.63968211 4292811547
0.5830524 -0.10884892 0.63968349 4292877340
0.58583319 -0.10878428 0.63928485 4292811547
0.58872551 -0.1090657 0.63888788 4292877340
0.59143633 -0.10897543 0.63868916 4292745754
0.59373802 -0.10897394 0.63869053 4292877340
0.59596282 -0.10893972 0.63894171 4291827993
0.59834093 -0.10839552 0.63869059 4291762200
0.54213285 -0.10714656 0.6396504 4289554763
0.54386181 -0.10714544 0.63965148 4292877340
0.54616666 -0.10656763 0.63965011 4292030248
0.54847193 -0.10656613 0.63965154 4292877340
0.5507772 -0.10656463 0.63965291 4292877340
0.55308247 -0.10656313 0.63965434 4292811547
0.55596405 -0.10656128 0.63965601 4292811547
0.55884564 -0.1065594 0.6396578 4292877340
0.56115091 -0.1065579 0.63965923 4292745754
0.56345618 -0.1065564 0.6396606 4292745754
0.56576145 -0.1065549 0.63966203 4292745754
0.56806672 -0.10655343 0.6396634 4292811547
0.5709483 -0.10655154 0.63966513 4292877340
0.57382989 -0.10654967 0.63966691 4292877340
0.57613516 -0.10654816 0.63966835 4292943133
0.57844043 -0.10654669 0.63966972 4292877340
0.5807457 -0.10654519 0.63967115 4292745754
0.58305091 -0.10654369 0.63967252 4292877340
0.58593249 -0.10654181 0.63967419 4292877340
0.58881408 -0.10653996 0.63967603 4292811547
0.59111935 -0.10653846 0.63967741 4292811547
0.5935806 -0.10660417 0.63917923 4292811547
0.59588403 -0.10660268 0.6391806 4292745754
0.59833986 -0.10666929 0.63868237 4292877340
0.60064149 -0.10666779 0.6386838 4292745754
0.60323066 -0.10637841 0.63868397 4292287002
0.60552692 -0.10595279 0.63968343 4290844696
0.54904717 -0.10483684 0.63964367 4289752142
0.55077612 -0.10483572 0.63964468 4292877340
0.55308098 -0.1042579 0.63964337 4292030248
0.55596256 -0.10425602 0.63964504 4292877340
0.55884415 -0.10425417 0.63964683 4292877340
0.56114942 -0.10425267 0.63964826 4292877340
0.56345469 -0.10425117 0.63964963 4292877340
0.56575996 -0.10424967 0.63965106 4292877340
0.56806523 -0.10424817 0.63965243 4292877340
0.57094681 -0.10424629 0.63965416 4292877340
0.5738284 -0.10424443 0.63965595 4292811547
0.57613367 -0.10424294 0.63965732 4292745754
0.57843894 -0.10424144 0.63965875 4292877340
0.58074421 -0.10423993 0.63966012 4292877340
0.58304942 -0.10423844 0.63966155 4292943133
0.585931 -0.10423658 0.63966322 4292877340
0.58881259 -0.1042347 0.63966507 4292811547
0.59111786 -0.1042332 0.63966644 4292811547
0.59342313 -0.1042317 0.63966787 4292877340
0.5957284 -0.1042302 0.63966924 4292811547
0.59803367 -0.1042287 0.63967067 4292877340
0.60074466 -0.10413936 0.63947183 4292877340
0.603688 -0.10445125 0.63887507 4292877340
0.60639411 -0.10436242 0.63867635 4292877340
0.60875314 -0.10398801 0.63887596 4292221466
0.61099672 -0.10320862 0.63867366 4292352795
0.61301237 -0.10296885 0.63900709 4292287516
0.61502427 -0.10263062 0.63867337 4290910489
0.55653703 -0.1013741 0.63963169 4292356388
0.5588423 -0.10137263 0.63963306 4292811547
0.56114757 -0.10137112 0.63963449 4292877340
0.56345284 -0.10136963 0.63963586 4292943133
0.56575811 -0.10136813 0.63963729 4292877340
0.56806338 -0.10136662 0.63963866 4292877340
0.57094496 -0.10136475 0.63964045 4292877340
0.57382655 -0.10136289 0.63964218 4292877340
0.57613182 -0.10136139 0.63964355 4292811547
0.57843709 -0.10135989 0.63964498 4292745754
0.5807423 -0.10135839 0.63964635 4292811547
0.58304757 -0.10135689 0.63964778 4292877340
0.58592916 -0.10135504 0.63964951 4292877340
0.58881074 -0.10135316 0.6396513 4292811547
0.59111601 -0.10135166 0.63965267 4292877340
0.59342128 -0.10135016 0.6396541 4292877340
0.59572655 -0.10134866 0.63965547 4292811547
0.59803182 -0.10134716 0.6396569 4292811547
0.60091341 -0.10134531 0.63965863 4292811547
0.60379499 -0.10134342 0.63966036 4292811547
0.60610026 -0.10134193 0.63966179 4292745754
0.60829014 -0.10110997 0.63966209 4292811547
0.61071038 -0.10076264 0.63966191 4292877340
0.61347389 -0.10070303 0.63926327 4292877340
0.61581749 -0.10144381 0.63891816 4292286745
0.61790019 -0.10090251 0.63866687 4292352538
0.5561893 -0.098377518 0.63961726 4292485920
0.55884039 -0.09849105 0.63961941 4292811547
0.56114572 -0.098489553 0.63962084 4292811547
0.56345099 -0.098488055 0.63962221 4292877340
0.56575626 -0.098486558 0.63962364 4292811547
0.56806147 -0.098485082 0.63962501 4292811547
0.57094306 -0.098483205 0.63962668 4292943133
0.57382464 -0.09848132 0.63962853 4292811547
0.57612991 -0.098479822 0.6396299 4292745754
0.57843518 -0.098478347 0.63963133 4292877340
0.58074045 -0.098476849 0.6396327 4292811547
0.58304572 -0.098475352 0.63963413 4292877340
0.58592731 -0.098473467 0.6396358 4292811547
0.58880889 -0.098471612 0.63963765 4292943133
0.59111416 -0.098470114 0.63963902 4292943133
0.59341943 -0.098468617 0.63964039 4292811547
0.5957247 -0.098467119 0.63964182 4292811547
0.59802997 -0.098465614 0.63964319 4292811547
0.60091156 -0.098463736 0.63964492 4292877340
0.60379314 -0.098461881 0.63964671 4292811547
0.60609841 -0.098460384 0.63964814 4292745754
0.60840368 -0.098458879 0.63964951 4292811547
0.61070895 -0.098457381 0.63965094 4292811547
0.61359054 -0.098455496 0.63965261 4292877340
0.61647207 -0.098453648 0.6396544 4292877340
0.61820108 -0.098452531 0.63965547 4288287764
0.55595738 -0.096187681 0.63960665 4292943133
0.5588389 -0.096185826 0.63960844 4292811547
0.56114423 -0.096184328 0.63960987 4292943133
0.5634495 -0.096182823 0.63961124 4292877340
0.56575477 -0.096181326 0.63961267 4292811547
0.56805998 -0.096179828 0.63961405 4292745754
0.57094163 -0.096177973 0.63961571 4292745754
0.57382315 -0.096176088 0.63961756 4292811547
0.57612842 -0.09617459 0.63961893 4292287002
0.57843369 -0.096173093 0.63962036 4292811547
0.58073896 -0.096171595 0.63962173 4292877340
0.58304423 -0.09617009 0.63962317 4292811547
0.58592582 -0.096168242 0.63962483 4292877340
0.5888074 -0.096166357 0.63962662 4292811547
0.59111267 -0.09616486 0.63962805 4292877340
0.59341794 -0.096163355 0.63962942 4292877340
0.59572321 -0.096161857 0.63963085 4292877340
0.59802848 -0.096160389 0.63963223 4292943133
0.60091007 -0.096158504 0.63963395 4292943133
0.60379165 -0.096156619 0.63963574 4292877340
0.60609692 -0.096155122 0.63963717 4292877340
0.60840219 -0.096153624 0.63963854 4292943133
0.6107074 -0.096152157 0.63963997 4292877340
0.61358899 -0.096150272 0.63964164 4292943133
0.61647058 -0.096148387 0.63964343 4291631128
0.55365062 -0.093883947 0.63959432 4292030247
0.55595589 -0.093882449 0.63959569 4292943133
0.55883741 -0.093880571 0.63959748 4292877340
0.56114274 -0.093879066 0.63959885 4292745754
0.56344801 -0.093877569 0.63960028 4292877340
0.56575328 -0.093876101 0.63960165 4292877340
0.56805849 -0.093874596 0.63960308 4292811547
0.57094014 -0.093872719 0.63960475 4292811547
0.57362968 -0.094063066 0.63960737 4291237655
0.57900894 -0.094443798 0.6396125 4290648345
0.5809297 -0.094058342 0.63961178 4291303448
0.58304274 -0.093864866 0.6396122 4292877340
0.58592433 -0.093862981 0.63961387 4292877340
0.58880591 -0.093861125 0.63961565 4292811547
0.59111118 -0.093859628 0.63961709 4292811547
0.59341645 -0.09385813 0.63961846 4292877340
0.59572172 -0.093856633 0.63961989 4292943133
0.59802699 -0.093855128 0.63962126 4292877340
0.60090858 -0.09385325 0.63962299 4292811547
0.60379016 -0.093851395 0.63962477 4292811547
0.60609537 -0.093849897 0.6396262 4292745754
0.6084007 -0.093848392 0.63962758 4292877340
0.61070597 -0.093846895 0.63962901 4292943133
0.61358756 -0.09384504 0.63963068 4292811547
0.61627716 -0.094035394 0.6396333 4291369498
0.55307281 -0.091579072 0.63958299 4291964455
0.5559544 -0.091577224 0.63958472 4292877340
0.55883592 -0.091575339 0.63958651 4292877340
0.56114125 -0.091573842 0.63958788 4292877340
0.56344652 -0.091572337 0.63958931 4292811547
0.56575179 -0.091570839 0.63959068 4292811547
0.568057 -0.091569342 0.63959211 4292877340
0.57093865 -0.091567487 0.63959378 4292811547
0.57324386 -0.091565989 0.63959527 4290450966
0.58592319 -0.092134066 0.6396057 4291503906
0.58880442 -0.091555871 0.63960469 4292030247
0.59110969 -0.091554374 0.63960612 4292877340
0.59341496 -0.091552868 0.63960749 4293008926
0.59572023 -0.091551371 0.63960892 4292877340
0.5980255 -0.091549903 0.63961029 4292877340
0.60090709 -0.091548018 0.63961202 4292943133
0.60378867 -0.091546133 0.63961381 4292943133
0.60609394 -0.091544636 0.63961518 4292877340
0.60839921 -0.091543168 0.63961661 4292877340
0.61070448 -0.09154167 0.63961798 4292877340
0.61358601 -0.091539785 0.63961971 4292877340
0.6158917 -0.092114598 0.63962388 4288156178
0.55134201 -0.088698648 0.63956827 4289752142
0.55307132 -0.089273848 0.63957202 4292811547
0.55595291 -0.089271963 0.63957369 4292943133
0.55883443 -0.089270085 0.63957554 4292943133
0.56113976 -0.08926861 0.63957691 4292943133
0.56344503 -0.089267112 0.63957834 4292811547
0.5657503 -0.089265615 0.63957971 4293008926
0.56805551 -0.08926411 0.63958114 4292943133
0.57093716 -0.089262232 0.63958281 4292418074
0.59168488 -0.089825071 0.63959825 4289752142
0.59341383 -0.089823961 0.63959926 4292811547
0.59571874 -0.089246146 0.63959795 4292096041
0.59802401 -0.089244641 0.63959932 4292877340
0.6009056 -0.089242794 0.63960105 4292811547
0.60378718 -0.089240909 0.63960284 4292943133
0.60609245 -0.089239411 0.63960421 4292811547
0.60839766 -0.089237906 0.63960564 4292811547
0.61070293 -0.089236408 0.63960701 4292811547
0.61358458 -0.089234553 0.63960874 4292156187
0.55105215 -0.086105444 0.63955569 4292030247
0.55306947 -0.086392276 0.63955826 4292811547
0.555951 -0.086390421 0.63955998 4292877340
0.55883259 -0.086388536 0.63956177 4292877340
0.56113786 -0.086387038 0.63956314 4292877340
0.56344312 -0.086385541 0.63956457 4292877340
0.56574839 -0.086384043 0.63956594 4292877340
0.56805366 -0.086382568 0.63956738 4292811547
0.57060605 -0.086545564 0.6395697 4291762200
0.5985992 -0.087515347 0.63959146 4291380534
0.60119241 -0.087225512 0.63959163 4292486691
0.60390073 -0.086589813 0.63959026 4292291879
0.60609055 -0.086357869 0.63959044 4292877340
0.60839581 -0.086356364 0.63959187 4292811547
0.61070108 -0.086354867 0.63959324 4292811547
0.61300635 -0.086353369 0.63959467 4292090394
0.5507623 -0.083512232 0.63954318 4292877340
0.55306756 -0.083510734 0.63954461 4292877340
0.55594915 -0.083508879 0.63954628 4292877340
0.55883074 -0.083506994 0.63954812 4292811547
0.56113601 -0.083505496 0.63954949 4292745754
0.56344128 -0.083503999 0.63955092 4292811547
0.56574655 -0.083502494 0.6395523 4292877340
0.56805182 -0.083500996 0.63955373 4292943133
0.5701651 -0.083691731 0.63955593 4291237912
0.60839432 -0.08405114 0.63958097 4291248948
0.61089146 -0.083665304 0.63958061 4291769900
0.61242819 -0.083472207 0.63958067 4293008926
0.54903185 -0.081208117 0.6395312 4291183155
0.55076081 -0.081207 0.63953221 4292943133
0.55306607 -0.081205502 0.63953364 4292877340
0.55594766 -0.081203625 0.63953531 4292877340
0.55882925 -0.081201769 0.63953716 4292877340
0.56113452 -0.081200272 0.63953853 4292745754
0.56343979 -0.081198767 0.63953996 4292877340
0.56574506 -0.081197269 0.63954133 4292811547
0.56805032 -0.081195772 0.63954276 4292811547
0.56977928 -0.081194654 0.63954377 4288221971
0.54864603 -0.078711011 0.63951904 4291769900
0.55075932 -0.078901745 0.63952124 4292811547
0.55306458 -0.078900248 0.63952267 4292811547
0.55594617 -0.078898393 0.63952434 4292877340
0.55882776 -0.078896508 0.63952619 4292811547
0.56113303 -0.07889501 0.63952756 4292811547
0.5634383 -0.078893512 0.63952899 4292811547
0.56574357 -0.078892007 0.63953036 4292811547
0.56804883 -0.07889051 0.63953173 4291696921
0.54845256 -0.076598018 0.6395089 4292943133
0.55075783 -0.076596513 0.63951027 4292811547
0.55306309 -0.076595016 0.6395117 4292943133
0.55594468 -0.076593138 0.63951337 4292745754
0.55882627 -0.076591283 0.63951516 4292877340
0.56113154 -0.076589786 0.63951659 4292877340
0.56343681 -0.07658828 0.63951796 4292943133
0.56574208 -0.076586783 0.63951939 4292811547
0.56785536 -0.076777518 0.6395216 4291172119
0.54672211 -0.074293874 0.63949686 4291248948
0.54845107 -0.074292757 0.63949794 4292811547
0.55075634 -0.074291259 0.63949931 4292745754
0.5530616 -0.074289791 0.63950074 4292811547
0.55594319 -0.074287906 0.63950241 4292943133
0.55882478 -0.074286021 0.63950419 4292943133
0.56113005 -0.074284524 0.63950562 4292943133
0.56343532 -0.074283026 0.639507 4292943133
0.56574059 -0.074281521 0.63950843 4292877340
0.56746989 -0.074856721 0.63951218 4288287764
0.54625905 -0.071182124 0.63948178 4292485920
0.54844922 -0.071411215 0.63948417 4292811547
0.55075449 -0.071409717 0.63948554 4292877340
0.55305976 -0.07140822 0.63948697 4292811547
0.55594134 -0.071406335 0.6394887 4292877340
0.55882293 -0.071404479 0.63949043 4292877340
0.5611282 -0.071402982 0.63949186 4292943133
0.56343347 -0.071401484 0.63949323 4292877340
0.56562358 -0.071630575 0.63949573 4291893786
0.54441279 -0.067955978 0.63946527 4292877340
0.5461421 -0.06853117 0.63946909 4292943133
0.54844737 -0.068529673 0.63947046 4292877340
0.55075264 -0.068528175 0.63947189 4292745754
0.55305791 -0.06852667 0.63947326 4292811547
0.5559395 -0.068524793 0.63947499 4292811547
0.55882102 -0.068522938 0.63947678 4292943133
0.56112635 -0.06852144 0.63947821 4292811547
0.56343162 -0.068519942 0.63947958 4292811547
0.56516057 -0.068518825 0.63948065 4290582552
0.54402733 -0.066035181 0.63945591 4291703850
0.54614061 -0.066225916 0.63945812 4292811547
0.54844588 -0.066224419 0.63945949 4292943133
0.55075115 -0.066222914 0.63946092 4292679961
0.55305642 -0.066221446 0.63946229 4292877340
0.55593801 -0.066219561 0.63946402 4292877340
0.55881953 -0.066217683 0.63946581 4292877340
0.56112486 -0.066216178 0.63946724 4292877340
0.56343013 -0.06621471 0.63946861 4292877340
0.54383421 -0.064498499 0.63944846 4291117362
0.54633135 -0.064112663 0.63944817 4291703850
0.54844439 -0.063919187 0.63944852 4292943133
0.55074966 -0.063917689 0.63944995 4292943133
0.55305493 -0.063916191 0.63945132 4292811547
0.55593652 -0.063914306 0.63945305 4292745754
0.55881804 -0.063912451 0.63945484 4292877340
0.56112337 -0.063910954 0.63945627 4292745754
0.56323665 -0.064101689 0.63945842 4291172119
0.55074853 -0.062188745 0.63944173 4292096040
0.55324566 -0.061802939 0.63944143 4293008926
0.55593503 -0.061609078 0.63944209 4292877340
0.55881655 -0.061607197 0.63944387 4292877340
0.56112188 -0.061605696 0.63944525 4292745754
0.56285083 -0.061604578 0.63944632 4288941582
0.55651021 -0.05987978 0.63943422 4291183155
0.55900735 -0.059493944 0.63943392 4291769900
0.56112039 -0.059300467 0.63943428 4291631128
0.57896018 -0.15772744 0.64191359 4289927192
0.58217812 -0.15662618 0.64091033 4290910489
0.58267826 -0.15651174 0.64291006 4288614930
0.58564067 -0.15546952 0.64090693 4289861399
0.58878511 -0.15425238 0.64190304 4289009688
0.59225309 -0.1530939 0.64189965 4288746516
0.59425497 -0.15071405 0.64288956 4283632395
0.59487391 -0.15200026 0.64089608 4284812043
0.59371722 -0.14853771 0.64087886 4283698188
0.59309471 -0.1472407 0.64287233 4283632395
0.59209114 -0.14438382 0.64235806 4283500809
0.59093171 -0.1409132 0.64234084 4283500809
0.59008944 -0.13868451 0.64132982 4284812814
0.58935255 -0.13633138 0.64181811 4283435016
0.52749091 -0.13348007 0.64176679 4288614930
0.58877242 -0.1345965 0.64180952 4283500809
0.53058583 -0.13236928 0.64126343 4289664020
0.53384966 -0.13116346 0.64175963 4289139475
0.58777428 -0.13175407 0.64129543 4283500809
0.53713793 -0.13010366 0.64075661 4289861399
0.53749734 -0.12990631 0.64275587 4288549137
0.54078561 -0.12884653 0.64175284 4288680723
0.54367453 -0.12768839 0.64174908 4288878102
0.58677793 -0.12891701 0.64078128 4283698188
0.54444408 -0.12758574 0.64274907 4288812309
0.54714251 -0.12652992 0.64174569 4289009688
0.55061048 -0.12537143 0.64174229 4288483344
0.58587748 -0.12650657 0.64176923 4283500809
0.55368739 -0.12426701 0.64123899 4289795606
0.55696923 -0.12305488 0.6417352 4289336854
0.58497339 -0.12408534 0.64275718 4283566602
0.5604372 -0.12189637 0.6417318 4288680723
0.58397615 -0.1212465 0.64224303 4283500809
0.58298075 -0.11841306 0.64172894 4283500809
0.58215201 -0.11622135 0.64071804 4285795597
0.58265281 -0.11713865 0.64272267 4283566602
0.58182228 -0.11494512 0.64171177 4284878093
0.58355677 -0.11378779 0.6417073 4288680723
0.58676749 -0.11275508 0.64070433 4288746516
0.587282 -0.11250351 0.64270347 4288943895
0.59033453 -0.11140722 0.64220005 4288746516
0.5933817 -0.1103127 0.64169675 4288746516
0.59684968 -0.10915422 0.64169335 4288812309
0.59946328 -0.10812913 0.64069009 4289598227
0.60031766 -0.10799576 0.64168996 4288812309
0.60320836 -0.10683764 0.6416862 4289271061
0.60667634 -0.10567915 0.6416828 4288878102
0.61014432 -0.10452067 0.64167941 4288680723
0.61347216 -0.10329228 0.64217556 4288614930
0.61650127 -0.10220409 0.64167231 4288746516
0.61908424 -0.10118986 0.64066905 4288550165
0.61881226 -0.09989015 0.64166266 4283237637
0.61765379 -0.09642221 0.64164549 4283632395
0.57429379 -0.093560711 0.64160538 4284812814
0.61649531 -0.092954278 0.64162827 4283566602
0.57371366 -0.091825835 0.64159679 4283632395
0.61561424 -0.09080229 0.64061749 4288287764
0.57272726 -0.089016728 0.64108282 4284746764
0.61506009 -0.089324839 0.64261013 4283763981
0.57174265 -0.086213075 0.64056885 4283632395
0.61417872 -0.08659561 0.64159662 4284615435
0.57081872 -0.083735928 0.6415565 4283632395
0.61330086 -0.083877228 0.6405831 4285992976
0.56989115 -0.081247941 0.64254409 4283500809
0.6127395 -0.082378149 0.64257562 4285031236
0.56890565 -0.078442469 0.64203012 4283500809
0.567922 -0.075642385 0.64151621 4283632395
0.56711668 -0.073517404 0.64050561 4288024592
0.56757057 -0.07430125 0.64250964 4283698188
0.56658685 -0.071501203 0.64199567 4283566602
0.56578249 -0.069380715 0.64098513 4284747021
0.56444651 -0.06523858 0.64146459 4283435016
0.56480336 -0.066592343 0.64047128 4285992976
0.56364667 -0.063129835 0.64045405 4283632395
0.56293017 -0.061565932 0.64244616 4283632395
0.56176984 -0.058092572 0.64242893 4284167461
0.56248999 -0.059667319 0.64043689 4283632395
0.57621723 -0.15872504 0.64491671 4288167214
0.57970142 -0.15756115 0.64491332 4288878102
0.58582997 -0.15529276 0.64390624 4288680723
0.58930874 -0.15413067 0.64390278 4288812309
0.5927875 -0.1529686 0.64389938 4288614930
0.59479916 -0.15174314 0.64489484 4284746250
0.59379017 -0.14887364 0.64438057 4283632395
0.59278303 -0.14600958 0.6438663 4283303430
0.59162092 -0.14253083 0.64384902 4283632395
0.59014428 -0.13896814 0.64483124 4283435016
0.58898038 -0.13548397 0.6448139 4283435016
0.52819812 -0.13324673 0.64426613 4288746516
0.58813542 -0.13325439 0.64380276 4283435016
0.53130209 -0.13213144 0.64376271 4288812309
0.53478086 -0.13096938 0.64375931 4288614930
0.58781648 -0.13199982 0.64479661 4283500809
0.53825969 -0.12980728 0.64375585 4289009688
0.54134816 -0.12854508 0.64475185 4288878102
0.58681291 -0.12914565 0.6442824 4283566602
0.54483235 -0.12738118 0.64474839 4288417551
0.54792637 -0.1262695 0.64424497 4288680723
0.55101502 -0.12515964 0.64374155 4288680723
0.5858112 -0.12629689 0.64376819 4283698188
0.55449378 -0.12399754 0.64373815 4288878102
0.55797261 -0.12283547 0.64373475 4288878102
0.58464909 -0.12281814 0.64375097 4283369223
0.58548868 -0.12503147 0.64476204 4283632395
0.56109172 -0.12156242 0.64473063 4290778903
0.58348703 -0.11933939 0.64373368 4283500809
0.58199775 -0.11574065 0.64471573 4283500809
0.58431953 -0.11341584 0.64470607 4288878102
0.58780372 -0.11225194 0.64470261 4288746516
0.59128791 -0.11108805 0.64469922 4288746516
0.59391963 -0.11005391 0.64369583 4289141274
0.59477216 -0.10992416 0.64469582 4288746516
0.59739846 -0.10889181 0.64369243 4288812309
0.60087723 -0.10772974 0.64368904 4288483344
0.60435605 -0.10656764 0.64368564 4288680723
0.60754728 -0.10526929 0.64468145 4288943895
0.61103153 -0.1041054 0.64467806 4288812309
0.61451572 -0.10294151 0.64467466 4288746516
0.61711138 -0.10192001 0.64367127 4288812309
0.6185804 -0.10119638 0.64466882 4286779408
0.61826897 -0.098439746 0.64365542 4283632395
0.61799693 -0.097131036 0.64464909 4283632395
0.61710685 -0.094960995 0.64363819 4283435016
0.57344037 -0.091431692 0.64409477 4283566602
0.61594474 -0.091482244 0.64362091 4283632395
0.57268721 -0.089028962 0.64458287 4283632395
0.61478269 -0.088003494 0.64360362 4283698188
0.57169545 -0.08620815 0.64406884 4283632395
0.57070541 -0.083392791 0.64355481 4283435016
0.61334205 -0.084356003 0.64458549 4283763981
0.57035941 -0.082060643 0.6445483 4283566602
0.56954336 -0.079914041 0.64353752 4283698188
0.56838125 -0.07643526 0.6435203 4283566602
0.56686842 -0.072769791 0.64450198 4283566602
0.56570458 -0.069285616 0.6444847 4283566602
0.56454062 -0.065801471 0.64446735 4283632395
0.56489569 -0.067158848 0.64347398 4283698188
0.56373364 -0.063680097 0.64345676 4283566602
0.5629741 -0.061259311 0.6439448 4283566602
0.56221282 -0.05883316 0.64443278 4283566602
0.57671022 -0.15861782 0.64691651 4288364593
0.5798763 -0.15739523 0.64791262 4288812309
0.58311856 -0.15628316 0.6469093 4288614930
0.58634996 -0.1551747 0.64590603 4288680723
0.58687717 -0.15505658 0.64790577 4288746516
0.58983958 -0.15400897 0.64590257 4288943895
0.59302008 -0.15278098 0.64689869 4288746516
0.5941838 -0.15044972 0.64688832 4283763981
0.59387577 -0.14921682 0.64788228 4283632395
0.59286141 -0.14633559 0.64736789 4283500809
0.5920046 -0.14407986 0.6463567 4283698188
0.59099472 -0.14121035 0.64584237 4283763981
0.59025514 -0.13884279 0.64633071 4283566602
0.58919924 -0.1363823 0.64781833 4283698188
0.52542299 -0.1341809 0.64676893 4288167214
0.52891797 -0.1330134 0.64676547 4288812309
0.5883466 -0.13355653 0.64680433 4283435016
0.53165245 -0.13194132 0.64576209 4288878102
0.53241301 -0.13184588 0.64676207 4288878102
0.53532636 -0.13067876 0.64675832 4288680723
0.58717948 -0.13064507 0.64678979 4283698188
0.53882134 -0.12951124 0.64675486 4288812309
0.54212129 -0.12844419 0.64575183 4288746516
0.5425114 -0.12824324 0.64775109 4288680723
0.5868606 -0.12938151 0.64778358 4283566602
0.54561985 -0.12712522 0.64724761 4288614930
0.54872286 -0.12600906 0.64674425 4288746516
0.58585161 -0.1265156 0.64726931 4283435016
0.5518223 -0.1248947 0.64624089 4288614930
0.55531466 -0.12372808 0.64623743 4288812309
0.55840594 -0.12261641 0.64573401 4288746516
0.58484441 -0.12365513 0.6467551 4283895567
0.55884653 -0.12239736 0.64773327 4288680723
0.58406669 -0.12132572 0.6467436 4283500809
0.5828355 -0.11794677 0.64572668 4283500809
0.5825094 -0.11666515 0.64672041 4283566602
0.58192617 -0.11433505 0.64670897 4286713615
0.5854212 -0.1131675 0.64670557 4288680723
0.58875805 -0.11193731 0.64720172 4288746516
0.59182769 -0.11083287 0.64669836 4288614930
0.59532273 -0.10966536 0.6466949 4288812309
0.59838611 -0.10856363 0.6461916 4288943895
0.60173106 -0.10733069 0.64668775 4288614930
0.6052261 -0.10616317 0.64668429 4288614930
0.60842329 -0.1051323 0.64568132 4288878102
0.60901892 -0.10485902 0.6476804 4288614930
0.61163259 -0.1038285 0.64667708 4289009688
0.61251938 -0.10368972 0.647677 4288746516
0.61512762 -0.102661 0.64667368 4288943895
0.61862266 -0.10149349 0.64667022 4288812309
0.61862117 -0.099163011 0.64665914 4283435016
0.61745363 -0.095668025 0.64664179 4283566602
0.57433754 -0.09336552 0.64660454 4283566602
0.61655992 -0.093492568 0.6456309 4283500809
0.57351059 -0.091193616 0.6455937 4283566602
0.61601305 -0.092016928 0.64762354 4283763981
0.57258749 -0.088707469 0.64658129 4283632395
0.61511898 -0.089259759 0.6466099 4283500809
0.57166082 -0.086210482 0.64756882 4283632395
0.61422855 -0.086513437 0.64559627 4283763981
0.57066363 -0.083377935 0.64705473 4283632395
0.61322933 -0.083934739 0.64708334 4283702549
0.56966817 -0.080550835 0.6465407 4283500809
0.56908536 -0.078804225 0.64653206 4283566602
0.56832677 -0.07638257 0.64702004 4283632395
0.56750798 -0.074235037 0.64600939 4283566602
0.56651706 -0.071419649 0.6454953 4283632395
0.56575847 -0.068997964 0.64598334 4283632395
0.56464565 -0.066375174 0.64747018 4283500809
0.56383097 -0.063657641 0.64645672 4283566602
0.56266385 -0.060746182 0.64644217 4283566602
0.562307 -0.059374355 0.64743543 4283566602
0.57687783 -0.15845734 0.64991593 4288614930
0.58038908 -0.15728438 0.64991248 4288549137
0.59006488 -0.15382682 0.64890188 4288680723
0.59357077 -0.15265569 0.64889842 4288614930
0.59473884 -0.15148605 0.64889359 4283369223
0.59326041 -0.14791076 0.6498757 4283698188
0.59208745 -0.14439954 0.6498583 4283763981
0.59107041 -0.14151293 0.64934391 4283632395
0.59005505 -0.1386317 0.64882958 4283566602
0.58931279 -0.13625151 0.6493178 4283566602
0.52614373 -0.1339521 0.64926827 4288878102
0.52927017 -0.13282688 0.64876479 4288812309
0.58856863 -0.13386591 0.64980602 4283632395
0.53277606 -0.13165575 0.64876139 4288746516
0.53628194 -0.13048461 0.64875793 4288680723
0.58771282 -0.13162009 0.64879477 4283566602
0.53939748 -0.1292152 0.64975387 4288549137
0.54290867 -0.12804225 0.64975041 4288680723
0.58654165 -0.12811427 0.64877737 4283500809
0.54641998 -0.12686932 0.64974701 4288746516
0.54913646 -0.12580088 0.64874351 4288812309
0.54993117 -0.12569636 0.64974356 4288614930
0.55264229 -0.12462974 0.64874005 4288812309
0.55614811 -0.12345861 0.64873666 4288812309
0.58505058 -0.12450293 0.64975929 4283698188
0.55965394 -0.12228748 0.6487332 4288746516
0.58387762 -0.1209917 0.64974189 4283566602
0.58302903 -0.11876574 0.6487307 4283500809
0.58185792 -0.11525994 0.64871335 4283698188
0.58270472 -0.11748048 0.64972448 4283632395
0.58270246 -0.1139685 0.64970773 4288812309
0.58621371 -0.11279558 0.64970434 4288812309
0.58972496 -0.11162262 0.64970088 4288812309
0.59280545 -0.1105137 0.64919746 4288614930
0.59588057 -0.10940654 0.64869404 4288680723
0.59938639 -0.10823541 0.64869058 4288680723
0.60289222 -0.10706428 0.64868718 4289009688
0.60611057 -0.10575869 0.64968294 4288680723
0.60962182 -0.10458577 0.64967954 4288680723
0.61313307 -0.10341284 0.64967608 4288680723
0.6161955 -0.1023102 0.64917266 4288614930
0.61925262 -0.10120941 0.6486693 4286189327
0.61853278 -0.098800316 0.6491574 4283435016
0.61691034 -0.094197772 0.64863449 4283435016
0.57349133 -0.091224782 0.64909387 4283566602
0.61573917 -0.090691976 0.64861709 4283763981
0.57248956 -0.088382348 0.64857972 4283566602
0.61429316 -0.087022856 0.64959878 4283763981
0.57131845 -0.084876545 0.64856231 4283566602
0.6131202 -0.083511628 0.64958137 4283500809
0.57014734 -0.081370741 0.64854491 4283566602
0.56863093 -0.077687249 0.64952648 4283632395
0.56745797 -0.074175999 0.64950907 4283698188
0.56645983 -0.071343511 0.64899492 4283566602
0.56546354 -0.068516381 0.64848083 4283698188
0.56511211 -0.06715358 0.6494742 4283369223
0.56429243 -0.065010585 0.64846349 4283500809
0.56312126 -0.061504781 0.64844608 4283566602
0.56159401 -0.057790603 0.64942753 4285031236
0.57738703 -0.15835007 0.65191573 4288878102
0.58058381 -0.15711847 0.65291178 4288549137
0.58384496 -0.15599734 0.65190846 4288680723
0.58709526 -0.15487982 0.65090513 4288680723
0.5876388 -0.15476173 0.65290487 4288549137
0.59061199 -0.15370508 0.65090168 4288878102
0.59397513 -0.15132675 0.65139246 4286123534
0.59382087 -0.14894527 0.65188098 4283500809
0.59279835 -0.14604603 0.65136659 4283500809
0.59177762 -0.14315218 0.65085214 4283632395
0.59115863 -0.14182268 0.65284544 4283632395
0.59029156 -0.1389654 0.65183133 4283566602
0.58911538 -0.13603139 0.65181667 4283500809
0.52687711 -0.13372326 0.65176767 4288746516
0.52962965 -0.13264035 0.65076423 4288746516
0.58880192 -0.13476779 0.65281045 4283632395
0.5303992 -0.13254672 0.65176421 4288812309
0.53333503 -0.13137054 0.6517604 4288812309
0.53685707 -0.13019399 0.651757 4288746516
0.58707935 -0.13025813 0.65078795 4283632395
0.58778119 -0.13187486 0.65229601 4283632395
0.54037917 -0.12901746 0.65175354 4288680723
0.5437097 -0.12779084 0.65224969 4288812309
0.58676231 -0.12898733 0.65178168 4283500809
0.5468353 -0.12666473 0.65174627 4288878102
0.5503574 -0.12548816 0.65174282 4288549137
0.58574522 -0.12610342 0.65126741 4283566602
0.55347663 -0.12436477 0.6512394 4288878102
0.55681527 -0.12313543 0.65173554 4288812309
0.58472991 -0.12322488 0.65075302 4283369223
0.58408922 -0.1218341 0.65274602 4283763981
0.583233 -0.11900745 0.65173203 4283698188
0.58205682 -0.11607347 0.65171736 4283369223
0.58173251 -0.11477921 0.65271103 4284812300
0.5838176 -0.11372378 0.65170723 4288746516
0.58675164 -0.11254761 0.65170348 4288680723
0.58761138 -0.11242323 0.6527034 4288614930
0.59027374 -0.11137106 0.65170002 4288680723
0.59379584 -0.11019452 0.65169656 4288614930
0.59644556 -0.10914772 0.65069318 4288549137
0.59731787 -0.10901795 0.65169311 4288614930
0.6002537 -0.10784177 0.65168929 4288680723
0.6037758 -0.10666522 0.65168583 4288746516
0.60699552 -0.10562351 0.65068287 4288812309
0.60760027 -0.10535385 0.65268195 4288614930
0.61067981 -0.10424398 0.65217853 4288614930
0.61375403 -0.10313596 0.65167516 4288614930
0.61727607 -0.10195938 0.65167171 4288417551
0.61844808 -0.098435827 0.65165567 4283435016
0.61754173 -0.096236959 0.65064466 4283566602
0.57382166 -0.092593476 0.6516006 4288156178
0.61668456 -0.093741737 0.65163225 4283500809
0.57348472 -0.091263145 0.65259409 4283500809
0.61582369 -0.091235667 0.65261978 4283566602
0.57247573 -0.088403575 0.65207982 4283566602
0.6146453 -0.087708242 0.65260226 4283500809
0.61519223 -0.0892037 0.65060973 4283566602
0.57163888 -0.086218193 0.65106899 4283106565
0.61374265 -0.085521974 0.6515913 4283500809
0.57088119 -0.083789296 0.65155691 4283500809
0.57029206 -0.082027368 0.65154815 4283500809
0.5692876 -0.07917951 0.651034 4283632395
0.56828493 -0.076337077 0.65051985 4283566602
0.56711018 -0.072820462 0.65050238 4283500809
0.56759363 -0.074801996 0.65251213 4283566602
0.56641531 -0.071274564 0.65249461 4283500809
0.56541175 -0.068430312 0.65198046 4283500809
0.56441003 -0.065591455 0.65146637 4283566602
0.56382263 -0.063831344 0.65145761 4283500809
0.56323344 -0.062069446 0.65144885 4283566602
0.5620569 -0.058547407 0.65143138 4284364840
0.56241196 -0.05992642 0.65043819 4283698188
0.57757449 -0.15818955 0.65491509 4288878102
0.5811128 -0.15700759 0.65491164 4288746516
0.58465111 -0.1558256 0.65490818 4288680723
0.59085715 -0.15352289 0.65390104 4288746516
0.59438962 -0.15175378 0.65389478 4285467917
0.59364694 -0.14877653 0.65438014 4283500809
0.59290284 -0.14638282 0.6548683 4283763981
0.5918749 -0.14347187 0.65435386 4283632395
0.59084874 -0.14056627 0.65383935 4283632395
0.58966857 -0.13703343 0.65382183 4283435016
0.52723831 -0.13354035 0.65376711 4288878102
0.58817571 -0.13340946 0.65480363 4283566602
0.5307712 -0.13236018 0.65376365 4288614930
0.53430414 -0.13118002 0.65376019 4288878102
0.53744674 -0.12990336 0.65475601 4288943895
0.54098505 -0.12872137 0.65475255 4288746516
0.58656126 -0.12874196 0.65428048 4283435016
0.54452336 -0.1275394 0.6547491 4288746516
0.54725784 -0.12646011 0.65374559 4288614930
0.55079073 -0.12527995 0.65374213 4288680723
0.58581173 -0.12633291 0.65476853 4283566602
0.55432361 -0.12409978 0.65373868 4288943895
0.55749691 -0.12281227 0.65473449 4288812309
0.58462977 -0.12279467 0.654751 4283763981
0.58494866 -0.1240799 0.65375727 4283632395
0.58376849 -0.12054705 0.65373975 4283369223
0.58344775 -0.11925639 0.65473342 4283632395
0.58258832 -0.11701419 0.65372223 4283500809
0.58462369 -0.11335724 0.65470606 4288746516
0.588162 -0.11217525 0.6547026 4288878102
0.59126502 -0.11105638 0.65419918 4288614930
0.59436262 -0.1099393 0.65369576 4289009688
0.5978955 -0.10875914 0.65369231 4288680723
0.60142839 -0.10757898 0.65368885 4288878102
0.6046738 -0.10626615 0.65468454 4288614930
0.60821211 -0.10508419 0.65468109 4288746516
0.61175042 -0.10390221 0.65467763 4288812309
0.61438215 -0.10285906 0.65367424 4288746516
0.61528873 -0.10272022 0.65467417 4288878102
0.61850357 -0.10108955 0.65366834 4286123534
0.61791199 -0.096967384 0.65364838 4283698188
0.61646235 -0.093282059 0.65462995 4283500809
0.57314771 -0.089929201 0.65358758 4283698188
0.61528039 -0.089743786 0.65461242 4283632395
0.57162952 -0.086233102 0.65456903 4283435016
0.61409837 -0.086205512 0.65459484 4283435016
0.57044756 -0.082694829 0.65455151 4283303430
0.61305422 -0.083340563 0.65408063 4283965721
0.56960797 -0.080508523 0.65354055 4283435016
0.5692656 -0.079156555 0.65453392 4283632395
0.56825572 -0.076296993 0.65401971 4283435016
0.56724763 -0.073442817 0.6535055 4283566602
0.56606746 -0.069909967 0.65348798 4283632395
0.56453842 -0.066183187 0.65446931 4283763981
0.56335646 -0.062644914 0.65445173 4283632395
0.56252772 -0.06048926 0.65344095 4283500809
0.5621745 -0.059106641 0.6544342 4283632395
0.57809997 -0.15808229 0.65691495 4288680723
0.58132738 -0.15684165 0.657911 4288680723
0.5848819 -0.15565425 0.65790749 4288746516
0.58815658 -0.15452591 0.65690416 4288878102
0.59142041 -0.1534012 0.65590078 4288680723
0.59451097 -0.15153144 0.65739375 4284877836
0.5937804 -0.14867373 0.65587974 4283566602
0.59273165 -0.14620508 0.65736729 4283632395
0.59198487 -0.14379877 0.65785545 4283566602
0.59095144 -0.14087607 0.65734088 4283632395
0.59007484 -0.1385915 0.65632951 4283369223
0.589046 -0.13568051 0.65581501 4283500809
0.52799606 -0.13331151 0.65626651 4288746516
0.58873433 -0.1344097 0.65680873 4283632395
0.53134376 -0.13208038 0.65676266 4288680723
0.53469425 -0.13098988 0.65575951 4288746516
0.53509152 -0.13079971 0.65775883 4288614930
0.58723599 -0.13076587 0.65779048 4283369223
0.58786219 -0.13213685 0.65579742 4283369223
0.53844202 -0.1297092 0.65675569 4288746516
0.54139858 -0.12852401 0.65675187 4288878102
0.58667845 -0.12859315 0.65577984 4283500809
0.54494774 -0.12733839 0.65674835 4288680723
0.54809225 -0.12620416 0.65624493 4288812309
0.55123132 -0.12507172 0.65574145 4288812309
0.5860486 -0.12721136 0.65777284 4283435016
0.55167913 -0.12486348 0.65774071 4288878102
0.55500436 -0.12378201 0.65673757 4288614930
0.58501977 -0.12430131 0.65725833 4283566602
0.58383328 -0.1207495 0.65724075 4283566602
0.58280712 -0.11784755 0.6567263 4283435016
0.58194405 -0.11559994 0.65571511 4283566602
0.58248639 -0.11654787 0.65771991 4283763981
0.58194327 -0.11441846 0.65570951 4287566868
0.5824849 -0.1141777 0.65770864 4288812309
0.58560503 -0.11305159 0.65720516 4288680723
0.58871979 -0.11192729 0.65670174 4288746516
0.59226894 -0.11074171 0.65669829 4288614930
0.59537739 -0.10962009 0.65619487 4288614930
0.5987764 -0.1083709 0.65669096 4288746516
0.60202414 -0.10731652 0.65568793 4288614930
0.60262698 -0.10705408 0.65768707 4288614930
0.60587472 -0.10599972 0.65668404 4288680723
0.60928369 -0.10474692 0.65718013 4288614930
0.61238039 -0.10362892 0.65667671 4288680723
0.61592954 -0.10244334 0.65667325 4288746516
0.6188879 -0.10125814 0.65666938 4287435025
0.61829346 -0.098299392 0.65665495 4283566602
0.61737591 -0.095491767 0.65564102 4283435016
0.61683983 -0.0940089 0.65763366 4283500809
0.57332319 -0.090638153 0.65659106 4283435016
0.61578751 -0.09112408 0.65711927 4283566602
0.57247454 -0.088432007 0.65558004 4283566602
0.61473703 -0.088244684 0.65660495 4283500809
0.57213753 -0.087089069 0.65657341 4283369223
0.57095236 -0.084130719 0.65655863 4283435016
0.61355144 -0.0846956 0.6565873 4283566602
0.57010698 -0.081344679 0.65554488 4283632395
0.56900406 -0.078721844 0.65703166 4283566602
0.56823915 -0.076264106 0.65751952 4283500809
0.56705177 -0.072709627 0.65750188 4283303430
0.56739593 -0.074076019 0.65650862 4283698188
0.56638336 -0.071211033 0.65599436 4283632395
0.56537259 -0.06835144 0.65548015 4283632395
0.56502479 -0.066977844 0.6564734 4283566602
0.56383955 -0.064019494 0.65645856 4283500809
0.56300503 -0.061264109 0.65544498 4283763981
0.56230295 -0.059676707 0.65743697 4283566602
0.57830727 -0.15792179 0.65991437 4288680723
0.58187258 -0.15673077 0.65991086 4288812309
0.58543795 -0.15553975 0.65990734 4288680723
0.59168547 -0.15321898 0.65890014 4288746516
0.59405696 -0.14965677 0.65888464 4283566602
0.59286773 -0.14609687 0.65886694 4283435016
0.59137303 -0.14246023 0.65984875 4283369223
0.59018207 -0.13889493 0.65983105 4283303430
0.58914596 -0.13596682 0.65931648 4283500809
0.52520645 -0.13427186 0.65876937 4288233007
0.52876645 -0.13308264 0.65876591 4289009688
0.5881117 -0.13304414 0.65880191 4283566602
0.53193069 -0.13180058 0.65976173 4288614930
0.53549606 -0.13060956 0.65975821 4288614930
0.58780003 -0.13176429 0.65979564 4283369223
0.53906143 -0.12941854 0.65975475 4288680723
0.54181933 -0.12832661 0.65875125 4288746516
0.54262674 -0.12822752 0.65975124 4288878102
0.58692253 -0.12948421 0.65878427 4283698188
0.54537928 -0.12713739 0.65874773 4288746516
0.54893923 -0.12594821 0.65874428 4288680723
0.58573329 -0.1259243 0.65876663 4283369223
0.55249918 -0.12475901 0.65874076 4288680723
0.55569947 -0.12346426 0.65973657 4288746516
0.58422774 -0.12225704 0.65974826 4283500809
0.58303672 -0.11869171 0.65973055 4283566602
0.5818457 -0.11512639 0.65971285 4283566602
0.58303368 -0.11393693 0.6597079 4288746516
0.58659899 -0.11274594 0.65970439 4288812309
0.58928484 -0.11167929 0.658701 4288812309
0.59016436 -0.11155492 0.65970093 4288878102
0.59284472 -0.11049009 0.65869749 4288680723
0.59640467 -0.1093009 0.65869403 4288614930
0.59996468 -0.10811168 0.65869051 4288680723
0.60323709 -0.10679163 0.65968621 4288812309
0.60680246 -0.10560065 0.65968275 4288878102
0.61036783 -0.10440963 0.65967923 4288812309
0.61301756 -0.10335565 0.65867585 4288549137
0.61657751 -0.10216643 0.65867239 4288614930
0.61868572 -0.099649437 0.65966165 4283435016
0.6174947 -0.096084118 0.65964401 4283435016
0.61630368 -0.092518792 0.65962631 4283500809
0.57248592 -0.088465847 0.65908027 4283435016
0.61511266 -0.088953502 0.6596086 4283566602
0.57146436 -0.085579239 0.65856588 4283632395
0.61419374 -0.086738378 0.65859747 4283632395
0.57112736 -0.084227264 0.65955925 4283500809
0.61300451 -0.083178475 0.65857983 4283500809
0.57027513 -0.082019307 0.65854824 4283435016
0.56908596 -0.078459404 0.65853053 4283632395
0.56755507 -0.074720018 0.6595118 4283763981
0.56636405 -0.071154691 0.6594941 4283435016
0.56534606 -0.06827797 0.65897983 4283500809
0.56432986 -0.065406673 0.6584655 4283632395
0.56398207 -0.064024046 0.65945876 4283632395
0.56296587 -0.061152779 0.65894449 4283369223
0.56195146 -0.058286872 0.65843022 4284167461
0.5788489 -0.1578145 0.66191417 4288746516
0.58210695 -0.1565648 0.66291028 4288812309
0.58568859 -0.15536837 0.66290677 4288680723
0.58898216 -0.154231 0.66190332 4288680723
0.59226501 -0.15309724 0.66089988 4288746516
0.59449482 -0.15127791 0.66139263 4284024840
0.59345245 -0.14833447 0.66087794 4283435016
0.59314978 -0.14707449 0.66187179 4283632395
0.59210736 -0.14413103 0.66135716 4283632395
0.59106678 -0.14119303 0.66084254 4283566602
0.59016448 -0.13873208 0.66183025 4283632395
0.58925855 -0.13626033 0.66281801 4283435016
0.52577633 -0.13400289 0.66176844 4288358176
0.52935249 -0.13280825 0.66176492 4288680723
0.58821708 -0.13332053 0.66230333 4283632395
0.53292865 -0.13161363 0.66176146 4288812309
0.53631061 -0.13037166 0.66225761 4288549137
0.5871774 -0.1303861 0.6617887 4283435016
0.53948396 -0.12922476 0.66175407 4288746516
0.54306012 -0.12803012 0.66175056 4288680723
0.58658099 -0.12859894 0.66177982 4283566602
0.54622722 -0.12688597 0.66124707 4288812309
0.54938883 -0.12574357 0.66074353 4288812309
0.54984564 -0.12553896 0.66274291 4288549137
0.5859828 -0.12680995 0.66177094 4283435016
0.55319345 -0.12444665 0.66173971 4288680723
0.55653036 -0.12335795 0.66073656 4290976282
0.5849458 -0.12388185 0.66125643 4283632395
0.58391064 -0.12095916 0.66074187 4283435016
0.58327717 -0.11954671 0.66273481 4283500809
0.58208072 -0.11596516 0.66271704 4283566602
0.58271784 -0.11738845 0.66072416 4283698188
0.58358967 -0.11369618 0.6617071 4288549137
0.58716583 -0.11250154 0.66170359 4288680723
0.59074205 -0.11130694 0.66170007 4288878102
0.59342784 -0.11023849 0.66069663 4288746516
0.59401804 -0.10998689 0.66269588 4288483344
0.59699857 -0.10904568 0.66069317 4288812309
0.59759969 -0.10879043 0.66269237 4288614930
0.60087532 -0.10772344 0.66168922 4288812309
0.60385442 -0.10652921 0.66168535 4288812309
0.60476285 -0.10639757 0.66268533 4288812309
0.60743064 -0.10533457 0.66168183 4288812309
0.6110068 -0.10413994 0.66167837 4288614930
0.61412245 -0.10301384 0.66117495 4288812309
0.61723268 -0.10188954 0.66067147 4288614930
0.61849177 -0.10101517 0.66266811 4286255377
0.6184209 -0.098317266 0.6606552 4283500809
0.61789203 -0.096836179 0.66264784 4283500809
0.61696219 -0.094597645 0.66163659 4283566602
0.6157676 -0.091021508 0.66161883 4283566602
0.57267672 -0.089181997 0.6620838 4284812557
0.57164878 -0.086280935 0.66156936 4283632395
0.61411166 -0.086335108 0.66109556 4283632395
0.57088387 -0.083815098 0.66205716 4283632395
0.61310703 -0.083704114 0.66258246 4283566602
0.56959832 -0.080491453 0.66054052 4283698188
0.57011712 -0.0813438 0.66254497 4283566602
0.56925952 -0.07912866 0.66153383 4283369223
0.56823522 -0.076236628 0.6610195 4283566602
0.56721264 -0.07335002 0.66050512 4283566602
0.56652862 -0.071793266 0.66249734 4283500809
0.56567603 -0.068995491 0.66148341 4283632395
0.56448179 -0.066016413 0.66146851 4283632395
0.56413573 -0.064630181 0.66246176 4283763981
0.56311321 -0.061744463 0.66194737 4283435016
0.56209248 -0.058864139 0.66143304 4283632395
0.57907605 -0.15765397 0.66491359 4288878102
0.58266848 -0.15645394 0.66491008 4288878102
0.58626091 -0.15525389 0.66490656 4288614930
0.59254986 -0.15291505 0.66389924 4288878102
0.59464264 -0.15165529 0.66489452 4284746250
0.59359306 -0.14869474 0.66437984 4283500809
0.59254521 -0.14573957 0.66386509 4283698188
0.59224254 -0.14447054 0.66485888 4283500809
0.59134698 -0.14215259 0.66384733 4283763981
0.59014875 -0.13856564 0.66382951 4283632395
0.52676165 -0.13382317 0.66376823 4288680723
0.52995294 -0.13253385 0.66476405 4288812309
0.58895051 -0.1349787 0.66381168 4283698188
0.53354537 -0.13133377 0.66476053 4288614930
0.53713781 -0.13013376 0.66475701 4288614930
0.58744311 -0.1312988 0.66479325 4283500809
0.53991371 -0.12903097 0.66375345 4288614930
0.54350072 -0.12783274 0.66374993 4288483344
0.58624309 -0.12770642 0.66477543 4283500809
0.54708773 -0.12663449 0.66374642 4288878102
0.55030972 -0.12533432 0.66474223 4288746516
0.58535653 -0.12541375 0.663764 4283303430
0.55390209 -0.12413427 0.66473871 4288812309
0.58504301 -0.12411408 0.66475761 4283369223
0.58400065 -0.12117423 0.66424304 4283369223
0.58296007 -0.11823984 0.66372842 4283698188
0.58176178 -0.11465286 0.66371059 4284812300
0.58415288 -0.11345539 0.66370636 4288812309
0.58503604 -0.11333463 0.66470629 4288746516
0.58773988 -0.11225717 0.66370285 4288483344
0.59132689 -0.11105891 0.66369933 4288614930
0.5949139 -0.10986069 0.66369581 4288417551
0.59820801 -0.10853522 0.66469151 4288680723
0.60180038 -0.10733518 0.66468799 4288614930
0.60539281 -0.10613513 0.66468447 4288680723
0.60806596 -0.10506849 0.66368103 4288943895
0.60898525 -0.10493508 0.66468096 4288680723
0.61165297 -0.10387027 0.66367751 4289009688
0.61523998 -0.10267201 0.663674 4288746516
0.61882693 -0.10147376 0.66367048 4288680723
0.61856318 -0.098940283 0.66465825 4283566602
0.6173631 -0.095347911 0.66464043 4283763981
0.61642969 -0.093103953 0.66362917 4283632395
0.61523145 -0.089517005 0.66361141 4283435016
0.57184404 -0.086993441 0.66457289 4283500809
0.61403322 -0.08593002 0.66359359 4283500809
0.57064396 -0.083401099 0.66455507 4283500809
0.5690133 -0.078698434 0.66403174 4283566602
0.56824386 -0.076216355 0.66451943 4283435016
0.56704384 -0.072623983 0.66450161 4283435016
0.56738442 -0.074001223 0.66350836 4283632395
0.56618619 -0.070414238 0.66349053 4283435016
0.56498796 -0.06682729 0.66347277 4283632395
0.56344444 -0.063044615 0.6644538 4283500809
0.56224442 -0.059452239 0.66443598 4283566602
0.57603073 -0.15875034 0.66691697 4287456326
0.57963395 -0.15754668 0.66691339 4288483344
0.5829227 -0.15628795 0.6679095 4288943895
0.58653134 -0.15508249 0.66790599 4288549137
0.58954781 -0.15399516 0.66590255 4288614930
0.59013999 -0.15387703 0.66790241 4289338653
0.59314561 -0.15279329 0.66589904 4288812309
0.5943436 -0.15039349 0.66588837 4283369223
0.59374624 -0.14906217 0.66788173 4283566602
0.59269124 -0.14608988 0.66736692 4283435016
0.59163803 -0.14312302 0.66685212 4283500809
0.59103709 -0.1413223 0.66684318 4283632395
0.59043437 -0.13951984 0.66683424 4283829774
0.58938384 -0.13655926 0.66631955 4283500809
0.52715898 -0.13364384 0.66576761 4288943895
0.52756351 -0.13346447 0.66776711 4288812309
0.5883351 -0.13360409 0.6658048 4283698188
0.5307675 -0.13230497 0.66726351 4288812309
0.53396612 -0.13114724 0.66675991 4288812309
0.58713323 -0.13000634 0.66578692 4283566602
0.588027 -0.13231346 0.66679847 4283566602
0.53756934 -0.12994358 0.66675639 4288614930
0.54076165 -0.12878855 0.66625285 4288549137
0.54394853 -0.12763533 0.66574931 4289009688
0.58651423 -0.12861371 0.66777998 4283698188
0.54440355 -0.12743793 0.66774869 4288878102
0.54777926 -0.12633295 0.66674542 4288614930
0.55138254 -0.12512931 0.66674191 4288746516
0.58562005 -0.12570685 0.66676557 4283369223
0.55438417 -0.12392604 0.66673797 4288680723
0.58441681 -0.12270522 0.66675055 4283632395
0.58410329 -0.1213965 0.66774416 4283632395
0.58305544 -0.11844498 0.66722947 4283566602
0.58200943 -0.11549885 0.66671479 4283698188
0.58232659 -0.11681475 0.66572124 4283566602
0.58200866 -0.11429752 0.66670907 4287566868
0.58561194 -0.11309386 0.66670549 4288878102
0.58861542 -0.11189057 0.66670161 4288680723
0.591919 -0.11081091 0.66569853 4288614930
0.59251827 -0.1105629 0.66769773 4288878102
0.59582186 -0.10948327 0.66669458 4288878102
0.59942508 -0.1082796 0.66669106 4288812309
0.60242677 -0.10707632 0.66668713 4288812309
0.60602999 -0.10587265 0.66668361 4288878102
0.60963321 -0.10466899 0.6666801 4288878102
0.61263669 -0.10346573 0.66667616 4288614930
0.61623991 -0.10226206 0.66667265 4288549137
0.6192416 -0.10105878 0.66666877 4284812043
0.61803788 -0.097455591 0.66665089 4283566602
0.61683422 -0.093852431 0.66663301 4283566602
0.61563092 -0.09084899 0.66661799 4283500809
0.57238096 -0.087874651 0.6665774 4283369223
0.61469537 -0.08800526 0.66560388 4283435016
0.57151061 -0.085634254 0.66556621 4283500809
0.61415923 -0.08648634 0.6675964 4283632395
0.57084465 -0.084108204 0.66755861 4283698188
0.61322361 -0.083642609 0.66658223 4283899928
0.56963915 -0.080499597 0.66754073 4284421911
0.5703088 -0.082036488 0.66554838 4283500809
0.56877071 -0.078266442 0.66652948 4283435016
0.5684337 -0.07689099 0.66752279 4283369223
0.56739765 -0.073972829 0.66700822 4283500809
0.56636339 -0.071060069 0.66649371 4283566602
0.56576246 -0.069259353 0.66648477 4283500809
0.56430024 -0.065247111 0.66546482 4283698188
0.56515968 -0.067456849 0.66647583 4283500809
0.56395602 -0.063853666 0.66645795 4283237637
0.56275278 -0.060850248 0.66644293 4283566602
0.56189656 -0.058051582 0.66542912 4284965443
0.57658499 -0.15864666 0.66891682 4288167214
0.57988095 -0.15738614 0.66991287 4288680723
0.58350044 -0.15617706 0.6699093 4288614930
0.59345037 -0.15261106 0.6688984 4288680723
0.5946545 -0.15140536 0.6688934 4283500809
0.59344721 -0.14779134 0.66887546 4283632395
0.59193987 -0.14410423 0.66985703 4283698188
0.59073079 -0.14048479 0.66983902 4283500809
0.58982617 -0.13815427 0.66882741 4283566602
0.58952171 -0.13686541 0.66982108 4283435016
0.52797526 -0.13328516 0.66976649 4288680723
0.58846575 -0.13389312 0.66930634 4283500809
0.53159469 -0.13207605 0.66976291 4288549137
0.53439409 -0.13096066 0.66875935 4288680723
0.58741158 -0.13092624 0.66879153 4283632395
0.53800815 -0.12975338 0.66875577 4288680723
0.54162216 -0.1285461 0.66875225 4288680723
0.54486579 -0.12724051 0.66974801 4288680723
0.54848528 -0.12603143 0.66974449 4288746516
0.58620435 -0.12731223 0.66877359 4283500809
0.55210471 -0.12482235 0.66974092 4288680723
0.58499706 -0.12369823 0.66875565 4283369223
0.58347702 -0.11997504 0.66973704 4283829774
0.58226794 -0.11635562 0.66971904 4283500809
0.58258092 -0.11406033 0.66870832 4288746516
0.58619499 -0.11285308 0.66870481 4288878102
0.58980906 -0.1116458 0.66870123 4288878102
0.59312475 -0.11031491 0.66969693 4288746516
0.59674424 -0.1091058 0.66969341 4288812309
0.60036367 -0.10789672 0.66968983 4288878102
0.6035217 -0.10675255 0.66918635 4288680723
0.60667431 -0.1056102 0.66868281 4288812309
0.61028838 -0.10440291 0.6686793 4288878102
0.61390245 -0.10319563 0.66867572 4288746516
0.61725426 -0.1018521 0.66967142 4288680723
0.61871988 -0.099577717 0.66866148 4283500809
0.61751258 -0.095963717 0.66864353 4283698188
0.61630535 -0.092349716 0.66862559 4283369223
0.61483216 -0.088579595 0.66960675 4283632395
0.57155275 -0.085670806 0.66906649 4283566602
0.61362308 -0.08496017 0.6695888 4283763981
0.57051122 -0.082739986 0.66855192 4283566602
0.56930399 -0.079125986 0.66853398 4283500809
0.56776047 -0.075336069 0.66951501 4283566602
0.56655139 -0.071716644 0.66949701 4283435016
0.56534231 -0.068097249 0.66947907 4283632395
0.5644756 -0.065874882 0.66846794 4283566602
0.56413323 -0.064477831 0.66946107 4283763981
0.56309623 -0.061559644 0.66894662 4283698188
0.56206107 -0.05864688 0.66843206 4283566602
0.57682484 -0.15849154 0.67191625 4288167214
0.58045512 -0.15727885 0.67191267 4288614930
0.58377451 -0.15601107 0.67290872 4288680723
0.58681262 -0.15491109 0.67090529 4288549137
0.58741015 -0.15479656 0.67290521 4288549137
0.59043747 -0.15370022 0.67090178 4288878102
0.59406233 -0.1524893 0.6708982 4288614930
0.59406078 -0.15007223 0.6708867 4283632395
0.59376353 -0.14879782 0.67188048 4283632395
0.59225255 -0.14509626 0.67286199 4283435016
0.59284991 -0.14644742 0.67086869 4283500809
0.59163898 -0.14282258 0.67085075 4283632395
0.59103805 -0.14146063 0.67284393 4283566602
0.5901258 -0.13851134 0.67182928 4283566602
0.5889135 -0.1354872 0.67181414 4283303430
0.52557677 -0.13423026 0.67276955 4288167214
0.52839422 -0.13310581 0.67176586 4288746516
0.58860898 -0.13418931 0.67280787 4283435016
0.5320245 -0.13189311 0.67176235 4288680723
0.53524202 -0.13072723 0.67125875 4288746516
0.58754766 -0.13120532 0.67229295 4283500809
0.53868079 -0.12946811 0.67175484 4288746516
0.54207903 -0.12835231 0.67075163 4288680723
0.54254305 -0.12815848 0.67275101 4288614930
0.58664215 -0.12887926 0.67128134 4283500809
0.54594129 -0.12704268 0.67174774 4288878102
0.54896551 -0.1258304 0.67174381 4288746516
0.5855853 -0.12590697 0.67076653 4283435016
0.55259585 -0.1246177 0.67174023 4288614930
0.58527541 -0.12459648 0.67176008 4283500809
0.58406311 -0.12157052 0.67174494 4283632395
0.5831635 -0.11865731 0.67073053 4283763981
0.58195263 -0.1150325 0.67071259 4284812300
0.58253723 -0.11722322 0.67272341 4283632395
0.58345371 -0.11370459 0.67170715 4288746516
0.58678526 -0.11261229 0.67070401 4288878102
0.58738273 -0.1123715 0.67270327 4288812309
0.59071428 -0.1112792 0.67170006 4288746516
0.59403503 -0.11019052 0.67069691 4288680723
0.59465414 -0.10994248 0.67269617 4288746516
0.59736878 -0.10885419 0.67169255 4288746516
0.60099906 -0.10764149 0.67168903 4288680723
0.60462934 -0.10642879 0.67168546 4288812309
0.60765535 -0.10521648 0.67168152 4288878102
0.61128563 -0.10400379 0.67167801 4288680723
0.61457568 -0.10292593 0.67067486 4288746516
0.61525613 -0.10265622 0.67267406 4288614930
0.61857432 -0.10108335 0.67233521 4286517007
0.61819822 -0.098089442 0.67065406 4283632395
0.61767656 -0.096593924 0.6726467 4283303430
0.61672467 -0.093711443 0.67163235 4283566602
0.61577642 -0.090839781 0.67061806 4283698188
0.61524749 -0.089322634 0.67261058 4283435016
0.57177234 -0.086399555 0.67207009 4283566602
0.61429965 -0.087057061 0.67159915 4283500809
0.57072455 -0.083454318 0.6715554 4283566602
0.61308694 -0.083426788 0.67158115 4283566602
0.56984526 -0.0812013 0.67054415 4283500809
0.56907308 -0.078700267 0.67103183 4283566602
0.56829917 -0.076193817 0.6715194 4283500809
0.56742346 -0.073951639 0.67050821 4283632395
0.56648141 -0.071355455 0.67149526 4283566602
0.56553566 -0.068748429 0.67248231 4283500809
0.56449151 -0.065813117 0.67196769 4283435016
0.56344914 -0.062883221 0.67145306 4283566602
0.56310666 -0.061477136 0.67244625 4283500809
0.56223643 -0.059252985 0.67143506 4283435016
0.57707542 -0.15833642 0.67491573 4288746516
0.58072197 -0.15711828 0.67491215 4288943895
0.58436847 -0.15590017 0.67490858 4288746516
0.59074581 -0.15352339 0.67390114 4288549137
0.59438652 -0.15170008 0.6738947 4285468174
0.59363025 -0.14863357 0.67437971 4283632395
0.59287256 -0.14616862 0.67486745 4283500809
0.59195346 -0.143811 0.67385566 4283435016
0.59073716 -0.14016995 0.6738376 4283500809
0.58921897 -0.13644497 0.67481893 4283500809
0.52599752 -0.13405451 0.67476898 4288101421
0.52882034 -0.13292645 0.67376536 4288680723
0.58800083 -0.13279849 0.67480087 4283500809
0.53246146 -0.13171014 0.67376179 4288746516
0.53610253 -0.13049382 0.67375821 4288549137
0.53936785 -0.12918282 0.67475396 4288746516
0.54301435 -0.12796468 0.67475039 4288614930
0.58678269 -0.12915203 0.67478275 4283698188
0.54666084 -0.12674657 0.67474681 4288878102
0.54945302 -0.12562937 0.67374319 4288812309
0.55030733 -0.12552845 0.67474324 4288549137
0.58571863 -0.12616262 0.67426789 4283566602
0.58465636 -0.12317859 0.67375302 4283435016
0.58434647 -0.12185908 0.67474657 4283435016
0.58344007 -0.11953755 0.67373496 4283566602
0.58222371 -0.11589649 0.6737169 4283698188
0.5846501 -0.11346702 0.67370683 4288680723
0.58798748 -0.11213069 0.67470247 4288680723
0.59163398 -0.11091258 0.67469895 4288943895
0.59528047 -0.10969444 0.67469537 4288680723
0.59800053 -0.10860253 0.67369181 4288746516
0.60164165 -0.10738622 0.67368823 4288812309
0.60528272 -0.10616993 0.67368466 4288878102
0.60892385 -0.10495359 0.67368114 4288812309
0.6122973 -0.10360464 0.67467678 4288746516
0.61594379 -0.10238653 0.6746732 4288614930
0.61837298 -0.098737672 0.67465729 4283566602
0.61715484 -0.095091224 0.67463923 4283500809
0.61593676 -0.091444753 0.67462111 4283632395
0.61471862 -0.087798283 0.67460299 4283829774
0.61376715 -0.085527278 0.67359161 4283566602
0.57094866 -0.084179431 0.67455906 4283763981
0.56989634 -0.081223384 0.67404437 4283500809
0.56884581 -0.07827273 0.67352968 4283632395
0.56851238 -0.076886483 0.67452288 4283632395
0.56762952 -0.074631684 0.67351162 4283632395
0.56641316 -0.070990629 0.67349356 4283566602
0.56519687 -0.067349546 0.67347544 4283632395
0.56364071 -0.063516371 0.6744563 4283566602
0.56242257 -0.059869897 0.67443818 4283171844
0.57765496 -0.1582327 0.67691565 4288035628
0.58099961 -0.15695773 0.67791164 4287587912
0.58466232 -0.15573417 0.677908 4287785291
0.58801818 -0.15456791 0.67690444 4288101421
0.59136319 -0.15340523 0.675901 4288943895
0.59457541 -0.15148401 0.67739385 4285211162
0.59350049 -0.14846753 0.67687887 4283566602
0.59320509 -0.14718048 0.67787254 4285162822
0.5913561 -0.14244723 0.67584884 4283435016
0.59227878 -0.14481024 0.67686069 4283566602
0.59105706 -0.14115295 0.67684251 4283566602
0.58998573 -0.13814552 0.67632753 4283566602
0.58891624 -0.13514347 0.6758126 4283500809
0.52642548 -0.13387875 0.67676848 4288746516
0.52947402 -0.13265741 0.67676443 4288680723
0.58831167 -0.13375084 0.67780566 4283566602
0.53313136 -0.13143569 0.67676085 4288489762
0.5367887 -0.13021393 0.67675728 4288489762
0.58708811 -0.13008814 0.67778748 4284299047
0.58769631 -0.13149159 0.67579442 4283698188
0.54044604 -0.1289922 0.6767537 4288035628
0.54349279 -0.12777087 0.67674983 4288680723
0.58617085 -0.12774315 0.67677575 4283435016
0.54715014 -0.12654914 0.67674625 4288943895
0.55080748 -0.12532741 0.67674267 4288943895
0.5858646 -0.12642545 0.6777693 4284364840
0.58464104 -0.12276274 0.67775112 4284768064
0.58494914 -0.12408587 0.67675757 4283435016
0.58372742 -0.12042858 0.67673945 4283566602
0.58281738 -0.11810163 0.67572773 4283435016
0.58250564 -0.1167713 0.67672127 4283500809
0.58189529 -0.11433297 0.67670923 4286910994
0.58555263 -0.11311124 0.67670566 4288101421
0.589059 -0.11182947 0.67720181 4288167214
0.59225672 -0.11066815 0.67669821 4288680723
0.59591407 -0.10944642 0.67669463 4288812309
0.59910548 -0.10828781 0.67619103 4288746516
0.60261995 -0.10700335 0.676687 4288423968
0.60627729 -0.10578163 0.67668343 4288423969
0.6095953 -0.10469113 0.67568028 4288746516
0.6102739 -0.10442864 0.67767948 4287258947
0.61298132 -0.10333853 0.67667598 4288943895
0.61663866 -0.10211681 0.6766724 4288812309
0.61933351 -0.10103214 0.67566884 4284746250
0.618819 -0.099538438 0.67766142 4284965443
0.61785489 -0.09723857 0.67664993 4283566602
0.61663318 -0.093581282 0.67663175 4283698188
0.6154114 -0.089924 0.67661363 4283500809
0.5718388 -0.086452283 0.67557043 4285926926
0.61392564 -0.086108804 0.67759454 4283698188
0.57090122 -0.083857886 0.67655748 4283566602
0.61296839 -0.083218195 0.67658013 4284167205
0.56996006 -0.081252664 0.67754459 4283500809
0.56890231 -0.078284912 0.67702985 4283899928
0.56784636 -0.075322524 0.6765151 4283566602
0.56695986 -0.07306233 0.67550373 4283435016
0.56662464 -0.071665265 0.67649692 4283763981
0.56557143 -0.068709195 0.67598218 4283632395
0.56452 -0.065758571 0.67546749 4283500809
0.56384313 -0.064160354 0.67745954 4283566602
0.56295979 -0.061302174 0.67644531 4283566602
0.56173849 -0.058255475 0.67643011 4284233254
0.58190989 -0.15690365 0.67891192 4287587912
0.58924621 -0.15445296 0.67890471 4287522119
0.59168506 -0.14344466 0.67885381 4285031236
0.58923435 -0.13610844 0.67881739 4285031236
0.53419697 -0.13125229 0.67876071 4287456326
0.54153335 -0.1288016 0.6787535 4287258947
0.55254018 -0.12879445 0.67876023 4289620556
0.54825813 -0.12635131 0.67874599 4287456326
0.58188301 -0.11532274 0.67871404 4284899650
0.59655482 -0.10919839 0.67869383 4287522119
0.60389113 -0.10674767 0.67868662 4287851084
0.61122745 -0.10429698 0.67867947 4287653705
0.61795229 -0.10184668 0.6786719 4287522119
0.61856139 -0.098177373 0.67865479 4284899650
0.57787716 -0.083366506 0.67955947 4289554763
0.56718034 -0.073751383 0.67850721 4284899650
0.56439263 -0.065003663 0.67946386 4284965443
0.57600409 -0.15720129 0.63876641 4291894043
0.57859343 -0.15691334 0.63876379 4292680732
0.58118278 -0.15662539 0.63876116 4290647317
0.57427758 -0.15432437 0.63875854 4288615444
0.57600391 -0.15489963 0.6387592 4292877340
0.57888097 -0.15489937 0.63875729 4292877340
0.58175802 -0.15489911 0.63875538 4292877340
0.58405972 -0.1548989 0.63875383 4292352795
0.58636129 -0.15432329 0.63875049 4292877340
0.58808756 -0.15432313 0.63874936 4290778903
0.57427746 -0.15259813 0.63875312 4292877340
0.57600367 -0.15259798 0.63875192 4292811547
0.57888079 -0.15259771 0.63875002 4292745754
0.58175784 -0.15259744 0.63874811 4292745754
0.58405948 -0.15259726 0.63874656 4292811547
0.58636117 -0.15259705 0.63874507 4292811547
0.5886628 -0.15259685 0.63874352 4292745754
0.59096444 -0.15259664 0.63874197 4292030247
0.59326607 -0.15202101 0.63873863 4292811547
0.5737018 -0.15029652 0.63874626 4291828250
0.57600349 -0.15029632 0.63874471 4292877340
0.57888055 -0.15029609 0.6387428 4292877340
0.58175761 -0.15029582 0.6387409 4292811547
0.5840593 -0.15029562 0.63873935 4292943133
0.58636093 -0.15029541 0.6387378 4292811547
0.58866256 -0.15029518 0.63873625 4292811547
0.59096426 -0.15029497 0.63873476 4292745754
0.59307414 -0.15048662 0.63873392 4291704107
0.57197523 -0.14684422 0.63873649 4290779160
0.57370156 -0.14741948 0.6387372 4292877340
0.57600319 -0.14741927 0.63873565 4292811547
0.57888031 -0.14741901 0.63873374 4292877340
0.58175737 -0.14741874 0.63873184 4292811547
0.584059 -0.14741856 0.63873029 4292943133
0.58638543 -0.14740609 0.63889533 4292811547
0.58871275 -0.14739361 0.63906044 4292811547
0.59101564 -0.14739344 0.63905889 4292811547
0.59269029 -0.14799319 0.63872635 4291248948
0.57149255 -0.14448524 0.63947946 4291303705
0.57376522 -0.14450385 0.63922799 4292877340
0.57610172 -0.14448483 0.63947642 4292811547
0.57843965 -0.14446579 0.63972479 4292877340
0.58132124 -0.14446552 0.63972282 4293008926
0.58420283 -0.14446528 0.63972092 4292745754
0.5865081 -0.14446506 0.63971943 4292877340
0.58881336 -0.14446485 0.63971788 4292745754
0.59111863 -0.14446466 0.63971633 4291964454
0.56979465 -0.14158501 0.63972145 4288615444
0.57152361 -0.14216116 0.63972211 4292811547
0.57382888 -0.14216095 0.63972056 4292877340
0.57613415 -0.14216073 0.63971907 4292877340
0.57843941 -0.14216052 0.63971752 4292811547
0.581321 -0.14216028 0.63971555 4292745754
0.58420259 -0.14216001 0.6397137 4292811547
0.58650786 -0.1421598 0.63971215 4292745754
0.58881313 -0.14215961 0.63971061 4292745754
0.59054208 -0.14215945 0.63970947 4292745754
0.56979448 -0.13985606 0.63971603 4291696664
0.57152343 -0.13985591 0.6397149 4292877340
0.5738287 -0.13985568 0.63971335 4292877340
0.57613397 -0.13985547 0.6397118 4292877340
0.57843924 -0.13985528 0.63971025 4292877340
0.58132082 -0.13985501 0.63970828 4292811547
0.58420241 -0.13985474 0.63970643 4293008926
0.58650768 -0.13985457 0.63970488 4292877340
0.58881295 -0.13985434 0.63970333 4292877340
0.59054196 -0.14043051 0.63970399 4289291591
0.56921792 -0.13755085 0.63970917 4291762457
0.57152319 -0.13755064 0.63970762 4292943133
0.57382846 -0.13755043 0.63970608 4292877340
0.57613373 -0.13755023 0.63970453 4292877340
0.578439 -0.13755003 0.63970298 4292877340
0.58132058 -0.13754976 0.63970101 4292943133
0.58420217 -0.13754952 0.63969916 4292943133
0.58650744 -0.1375493 0.63969761 4292877340
0.58881271 -0.13754909 0.63969612 4292030248
0.56748873 -0.13466944 0.63970125 4288681237
0.56921774 -0.13524559 0.6397019 4292811547
0.57152301 -0.1352454 0.63970035 4292877340
0.57382828 -0.13524519 0.6396988 4292943133
0.57613355 -0.13524498 0.63969731 4292943133
0.57843882 -0.13524476 0.63969576 4292811547
0.58132041 -0.13524452 0.6396938 4292811547
0.58420199 -0.13524425 0.63969189 4292811547
0.58650726 -0.13524404 0.6396904 4292811547
0.58823621 -0.13524388 0.63968921 4292096041
0.52484107 -0.13236803 0.63972235 4291434777
0.52657002 -0.13236786 0.63972116 4292418331
0.52887523 -0.13179134 0.63971788 4292615196
0.53118044 -0.13121481 0.63971454 4292811547
0.53290939 -0.13121468 0.63971335 4290910489
0.56720036 -0.13207604 0.63969326 4291762457
0.56921744 -0.13236403 0.63969278 4292877340
0.57152277 -0.13236383 0.63969123 4292877340
0.57382798 -0.1323636 0.63968968 4292745754
0.57613325 -0.13236339 0.63968813 4292877340
0.57843852 -0.13236322 0.63968664 4292943133
0.58132011 -0.13236295 0.63968468 4292811547
0.58420169 -0.13236268 0.63968277 4292943133
0.58650696 -0.13236246 0.63968122 4292356388
0.52426451 -0.1294865 0.6397137 4292353052
0.52656978 -0.12948629 0.63971215 4292877340
0.52887505 -0.12948607 0.63971061 4292943133
0.53118032 -0.12948589 0.63970906 4292877340
0.53348559 -0.12948567 0.63970757 4292745754
0.53613663 -0.12937018 0.63970542 4292352538
0.5392487 -0.12890884 0.6397019 4291893786
0.56691194 -0.12948267 0.63968527 4292811547
0.56921721 -0.12948246 0.63968372 4292811547
0.57152247 -0.12948224 0.63968223 4292745754
0.57382774 -0.12948203 0.63968068 4292877340
0.57613301 -0.12948184 0.63967913 4292811547
0.57843828 -0.12948163 0.63967758 4292877340
0.58131987 -0.12948136 0.63967562 4292811547
0.58420146 -0.12948112 0.63967377 4292943133
0.58593041 -0.12948096 0.63967264 4292811547
0.52253532 -0.1271814 0.63970757 4289664534
0.52426428 -0.12718125 0.63970643 4292877340
0.52656955 -0.12718102 0.63970488 4292877340
0.52887481 -0.12718084 0.63970333 4292877340
0.53118008 -0.12718062 0.63970184 4292811547
0.53348535 -0.12718041 0.63970029 4292877340
0.53636694 -0.12718014 0.63969833 4292877340
0.53924853 -0.12717991 0.63969642 4292811547
0.5415538 -0.12717968 0.63969493 4292811547
0.54366696 -0.1269874 0.6396929 4292155930
0.54616427 -0.12660298 0.63969004 4291828250
0.56633538 -0.12717746 0.63967836 4292155930
0.56921697 -0.12717719 0.63967651 4292811547
0.57152224 -0.12717699 0.63967496 4292877340
0.57382751 -0.12717679 0.63967341 4292943133
0.57613277 -0.12717658 0.63967186 4292877340
0.57843804 -0.12717636 0.63967037 4292811547
0.58131963 -0.12717609 0.63966835 4292877340
0.58420122 -0.12717585 0.6396665 4292811547
0.58593023 -0.12775201 0.63966715 4289488970
0.52215093 -0.12468408 0.6397 4291434777
0.5242641 -0.12487598 0.63969916 4292811547
0.52656937 -0.12487579 0.63969761 4292811547
0.52887464 -0.12487558 0.63969612 4292811547
0.5311799 -0.12487536 0.63969457 4292811547
0.53348517 -0.12487514 0.63969302 4292877340
0.5363667 -0.1248749 0.63969105 4292811547
0.53924829 -0.12487464 0.63968921 4292877340
0.54155356 -0.12487442 0.63968766 4292811547
0.54385883 -0.12487421 0.63968611 4292877340
0.5461641 -0.12487403 0.63968456 4292877340
0.54846936 -0.12487381 0.63968307 4292614939
0.55106276 -0.1245854 0.63968039 4291827993
0.56402993 -0.12487242 0.6396727 4288615444
0.5663352 -0.1248722 0.63967109 4292745754
0.56921679 -0.12487193 0.63966924 4292811547
0.57152206 -0.12487175 0.63966769 4292877340
0.57382733 -0.12487153 0.63966614 4292877340
0.5761326 -0.12487131 0.63966465 4292943133
0.57843786 -0.1248711 0.6396631 4292811547
0.58131945 -0.12487087 0.63966113 4292811547
0.58420104 -0.12487059 0.63965923 4291964454
0.52195859 -0.12257095 0.63969344 4292877340
0.52426386 -0.12257075 0.63969189 4292877340
0.52656913 -0.12257053 0.6396904 4292943133
0.5288744 -0.12257031 0.63968885 4292811547
0.53117967 -0.12257013 0.6396873 4292811547
0.53348494 -0.12256991 0.63968575 4292877340
0.53636652 -0.12256964 0.63968378 4292877340
0.53924811 -0.12256937 0.63968194 4292811547
0.54155338 -0.12256919 0.63968039 4292877340
0.54385865 -0.12256897 0.63967884 4292745754
0.54616392 -0.12256876 0.63967735 4292877340
0.54846919 -0.12256855 0.6396758 4292877340
0.55135077 -0.1225683 0.63967383 4293008926
0.55423236 -0.12256803 0.63967198 4292943133
0.55634546 -0.12237576 0.63966995 4292287516
0.55884284 -0.12199132 0.63966709 4291893786
0.56364548 -0.12237509 0.63966507 4291434777
0.56633496 -0.12256694 0.63966382 4292877340
0.56921655 -0.1225667 0.63966197 4292811547
0.57152182 -0.12256648 0.63966042 4292811547
0.57382709 -0.12256627 0.63965893 4292877340
0.57613236 -0.12256608 0.63965738 4292811547
0.57843763 -0.12256587 0.63965583 4292877340
0.58131921 -0.1225656 0.63965386 4292877340
0.58362448 -0.12256538 0.63965237 4292943133
0.52138209 -0.12026574 0.63968652 4292155930
0.52426368 -0.12026548 0.63968468 4292679961
0.52656895 -0.12026526 0.63968313 4292811547
0.52887416 -0.12026505 0.63968158 4292943133
0.53117949 -0.12026487 0.63968003 4292811547
0.5334847 -0.12026465 0.63967854 4292811547
0.53636628 -0.12026438 0.63967651 4292877340
0.53924787 -0.12026414 0.63967466 4292877340
0.54155314 -0.12026393 0.63967317 4292877340
0.54385841 -0.12026371 0.63967162 4292811547
0.54616368 -0.12026349 0.63967007 4292811547
0.54846895 -0.12026331 0.63966852 4292877340
0.55135053 -0.12026304 0.63966656 4292811547
0.55423212 -0.12026277 0.63966471 4292877340
0.55653739 -0.12026259 0.63966316 4292811547
0.55884266 -0.12026237 0.63966161 4292877340
0.56114793 -0.12026216 0.63966012 4292943133
0.5634532 -0.12026194 0.63965857 4292943133
0.56633478 -0.12026171 0.6396566 4292943133
0.56921637 -0.12026144 0.6396547 4292811547
0.57152164 -0.12026122 0.63965321 4292811547
0.57382691 -0.12026101 0.63965166 4292811547
0.57613218 -0.12026082 0.63965011 4292811547
0.57843745 -0.1202606 0.63964856 4292811547
0.58131897 -0.12026034 0.63964659 4292745754
0.5836243 -0.12083644 0.63964695 4289817935
0.51907647 -0.11680806 0.63967723 4290779160
0.5213818 -0.11738417 0.63967746 4292877340
0.52426338 -0.1173839 0.6396755 4292811547
0.52656865 -0.11738368 0.63967401 4292811547
0.52887392 -0.1173835 0.63967246 4292811547
0.53117919 -0.11738329 0.63967091 4292877340
0.53348446 -0.11738307 0.63966936 4292811547
0.53636605 -0.11738283 0.63966745 4292877340
0.53924763 -0.11738256 0.63966554 4292943133
0.5415529 -0.11738235 0.63966399 4292811547
0.54385817 -0.11738213 0.6396625 4292877340
0.54616344 -0.11738195 0.63966095 4292877340
0.54846871 -0.11738173 0.6396594 4292877340
0.5513503 -0.11738146 0.6396575 4292811547
0.55423188 -0.11738122 0.63965559 4292877340
0.55653715 -0.11738101 0.63965404 4292811547
0.55884242 -0.11738079 0.63965249 4292877340
0.56114763 -0.11738058 0.63965094 4292811547
0.5634529 -0.1173804 0.63964945 4292811547
0.56633449 -0.11738013 0.63964748 4292877340
0.56921607 -0.11737986 0.63964558 4292877340
0.57152134 -0.11737964 0.63964403 4292811547
0.57382661 -0.11737946 0.63964254 4292811547
0.57613188 -0.11737924 0.63964099 4292877340
0.57843715 -0.11737902 0.63963944 4292877340
0.58117467 -0.11752287 0.63963807 4292486690
0.52166975 -0.11479072 0.63966912 4291573805
0.52426314 -0.11450235 0.6396665 4292877340
0.52656841 -0.11450213 0.63966501 4292811547
0.52887368 -0.11450192 0.63966346 4292745754
0.53117895 -0.11450171 0.63966191 4292877340
0.53348422 -0.11450152 0.63966036 4292943133
0.53636575 -0.11450125 0.63965839 4292877340
0.53924733 -0.11450098 0.63965654 4292745754
0.5415526 -0.1145008 0.63965499 4292745754
0.54385787 -0.11450058 0.63965344 4292877340
0.54616314 -0.11450037 0.63965195 4292811547
0.54846841 -0.11450015 0.6396504 4292943133
0.55135 -0.11449988 0.63964844 4292745754
0.55423158 -0.11449964 0.63964653 4292811547
0.55653685 -0.11449943 0.63964504 4292943133
0.55884212 -0.11449924 0.63964349 4292877340
0.56114739 -0.11449903 0.63964194 4292877340
0.56345266 -0.11449882 0.63964039 4292877340
0.56633425 -0.11449855 0.63963842 4292745754
0.56921583 -0.1144983 0.63963658 4292811547
0.5715211 -0.11449809 0.63963503 4292943133
0.57382637 -0.11449788 0.63963348 4292877340
0.57613164 -0.11449766 0.63963199 4292811547
0.57843691 -0.11449748 0.63963044 4292811547
0.58108795 -0.11438195 0.63962829 4292221466
0.52656823 -0.11277319 0.63965952 4291183155
0.52906555 -0.11238875 0.63965666 4291703850
0.53117871 -0.11219647 0.63965464 4292877340
0.53348398 -0.11219625 0.63965309 4292811547
0.53636557 -0.11219598 0.63965112 4292943133
0.53924716 -0.11219575 0.63964927 4292811547
0.54155242 -0.11219553 0.63964772 4292877340
0.54385769 -0.11219532 0.63964623 4292943133
0.54616296 -0.1121951 0.63964468 4292943133
0.54846823 -0.11219492 0.63964313 4292877340
0.55134982 -0.11219465 0.63964117 4292877340
0.55423141 -0.11219438 0.63963932 4292877340
0.55653667 -0.11219417 0.63963777 4292943133
0.55884194 -0.11219398 0.63963622 4292943133
0.56114715 -0.11219376 0.63963467 4292877340
0.56345242 -0.11219355 0.63963318 4292811547
0.56633401 -0.11219328 0.63963115 4292943133
0.5692156 -0.11219304 0.6396293 4292811547
0.57152086 -0.11219282 0.63962775 4292877340
0.57382613 -0.11219261 0.63962626 4292877340
0.5761314 -0.11219243 0.63962471 4292745754
0.57843667 -0.11219221 0.63962317 4293008926
0.58131826 -0.11219195 0.6396212 4292877340
0.58419985 -0.11219171 0.63961935 4292877340
0.58631301 -0.11199939 0.63961732 4292155930
0.58881032 -0.11161496 0.63961446 4291893786
0.5334838 -0.11046731 0.63964766 4291380534
0.53659588 -0.11000597 0.63964415 4292160293
0.53924692 -0.10989048 0.639642 4292877340
0.54155219 -0.10989027 0.63964051 4292811547
0.54385746 -0.10989008 0.63963896 4292679961
0.54616272 -0.10988987 0.63963741 4292811547
0.54846799 -0.10988966 0.63963586 4292811547
0.55134958 -0.10988939 0.63963389 4292877340
0.55423117 -0.10988915 0.63963205 4292811547
0.55653644 -0.10988893 0.6396305 4292877340
0.55884171 -0.10988872 0.63962895 4292877340
0.56114697 -0.1098885 0.63962746 4292811547
0.56345224 -0.10988832 0.63962591 4292811547
0.56633383 -0.10988805 0.63962394 4292745754
0.56921542 -0.10988778 0.63962203 4292811547
0.57152069 -0.10988759 0.63962054 4292811547
0.57382596 -0.10988738 0.63961899 4292811547
0.57613117 -0.10988716 0.63961744 4292943133
0.57843649 -0.10988695 0.63961589 4292811547
0.58131802 -0.10988671 0.63961393 4292877340
0.58419961 -0.10988644 0.63961208 4292811547
0.58650488 -0.10988623 0.63961053 4292877340
0.58881015 -0.10988601 0.63960904 4292877340
0.59111542 -0.10988583 0.63960749 4292549146
0.59322858 -0.10969351 0.63960546 4292090137
0.59514958 -0.10930913 0.63960296 4290778903
0.53982311 -0.10816148 0.63963622 4291183155
0.54155207 -0.10816132 0.63963503 4292943133
0.54385728 -0.10758482 0.63963169 4292877340
0.54616255 -0.1075846 0.63963014 4292811547
0.54846781 -0.10758439 0.63962865 4292811547
0.55134934 -0.10758415 0.63962662 4292811547
0.55423093 -0.10758388 0.63962477 4292943133
0.5565362 -0.10758366 0.63962322 4292745754
0.55884147 -0.10758346 0.63962173 4292811547
0.56114674 -0.10758327 0.63962018 4292877340
0.56345201 -0.10758305 0.63961864 4292877340
0.56633359 -0.10758279 0.63961667 4292877340
0.56921518 -0.10758255 0.63961482 4292943133
0.57152045 -0.10758233 0.63961327 4292943133
0.57382572 -0.10758211 0.63961172 4292811547
0.57613099 -0.1075819 0.63961017 4292811547
0.57843626 -0.10758171 0.63960868 4292877340
0.58131784 -0.10758144 0.63960665 4292811547
0.58419943 -0.10758118 0.63960481 4292745754
0.5865047 -0.10758096 0.63960332 4292877340
0.58880997 -0.10758077 0.63960177 4292811547
0.59111524 -0.10758056 0.63960022 4292877340
0.59342051 -0.10758035 0.63959867 4292877340
0.59630209 -0.10758011 0.6395967 4292943133
0.59899151 -0.10738774 0.63959438 4292090137
0.60148889 -0.10700331 0.63959152 4291762200
0.54616237 -0.10585566 0.63962471 4291380534
0.54865968 -0.10547122 0.63962185 4291835436
0.55134916 -0.10527889 0.63961941 4292943133
0.55423075 -0.10527862 0.6396175 4292811547
0.55653602 -0.1052784 0.63961601 4292943133
0.55884129 -0.10527822 0.63961446 4292877340
0.56114656 -0.105278 0.63961291 4292943133
0.56345183 -0.10527779 0.63961136 4292745754
0.56633341 -0.10527752 0.6396094 4292877340
0.569215 -0.10527728 0.63960755 4292877340
0.57152021 -0.10527707 0.639606 4292877340
0.57382548 -0.10527685 0.63960445 4292877340
0.57613075 -0.10527664 0.63960296 4292745754
0.57843602 -0.10527645 0.63960141 4292877340
0.5813176 -0.10527618 0.63959944 4292877340
0.58419919 -0.10527591 0.63959759 4292877340
0.58650446 -0.10527573 0.63959605 4292877340
0.58880973 -0.10527551 0.6395945 4292811547
0.591115 -0.1052753 0.63959295 4292877340
0.59342027 -0.10527508 0.63959146 4292877340
0.59630185 -0.10527484 0.63958943 4292877340
0.59918344 -0.10527457 0.63958758 4292877340
0.60148871 -0.10527436 0.63958603 4292877340
0.60379398 -0.10527418 0.63958454 4292745754
0.60590714 -0.10508186 0.63958251 4292024344
0.60840446 -0.10469743 0.63957965 4291959579
0.55250162 -0.10354983 0.63961321 4288549908
0.55423057 -0.10354967 0.63961208 4292811547
0.55653572 -0.10239685 0.63960683 4292090394
0.55884099 -0.10239664 0.63960534 4292811547
0.56114626 -0.10239642 0.63960379 4292745754
0.56345153 -0.10239624 0.63960224 4292943133
0.56633312 -0.10239597 0.63960034 4292877340
0.5692147 -0.1023957 0.63959843 4292811547
0.57151997 -0.10239549 0.63959688 4292877340
0.57382524 -0.1023953 0.63959533 4292811547
0.57613051 -0.10239509 0.63959384 4292877340
0.57843578 -0.10239487 0.63959229 4292877340
0.58131737 -0.10239463 0.63959038 4292811547
0.58419895 -0.10239436 0.63958842 4292877340
0.58650422 -0.10239415 0.63958693 4292877340
0.58880949 -0.10239393 0.63958538 4292877340
0.59111476 -0.10239375 0.63958383 4292943133
0.59342003 -0.10239353 0.63958228 4292811547
0.59630162 -0.10239326 0.63958037 4292943133
0.59918314 -0.10239302 0.63957846 4292877340
0.60148841 -0.10239281 0.63957691 4292877340
0.60379368 -0.1023926 0.63957536 4292811547
0.60609895 -0.10239238 0.63957387 4292811547
0.60840422 -0.1023922 0.63957232 4292877340
0.61128587 -0.10239193 0.63957042 4292483867
0.61416733 -0.10181534 0.63956672 4292615196
0.61647254 -0.10123884 0.63956338 4292811547
0.61820149 -0.10123868 0.63956225 4290778903
0.55480647 -0.098939121 0.63959718 4288747030
0.55653548 -0.099515274 0.63959783 4292877340
0.55884075 -0.099515058 0.63959634 4292811547
0.56114602 -0.099514872 0.63959479 4292811547
0.56345129 -0.099514656 0.63959324 4292811547
0.56633288 -0.099514388 0.63959128 4292811547
0.56921446 -0.099514119 0.63958943 4292877340
0.57151973 -0.099513933 0.63958788 4292943133
0.573825 -0.099513724 0.63958633 4292877340
0.57613021 -0.099513508 0.63958478 4292877340
0.57843548 -0.099513292 0.63958329 4292811547
0.58131707 -0.099513054 0.63958126 4292745754
0.58419865 -0.099512786 0.63957942 4292877340
0.58650392 -0.09951257 0.63957787 4292877340
0.58880919 -0.099512383 0.63957638 4292811547
0.59111446 -0.099512167 0.63957483 4292877340
0.59341973 -0.099511951 0.63957328 4292811547
0.59630132 -0.099511683 0.63957131 4292877340
0.5991829 -0.099511445 0.63956946 4292745754
0.60148817 -0.099511229 0.63956791 4292679961
0.60379344 -0.099511012 0.63956636 4292745754
0.60609871 -0.099510834 0.63956481 4292877340
0.60840398 -0.099510618 0.63956332 4292877340
0.61128557 -0.099510349 0.6395613 4292877340
0.61416715 -0.099510081 0.63955945 4292877340
0.61647242 -0.099509895 0.63955796 4292877340
0.61820138 -0.099509731 0.63955677 4291117362
0.55480629 -0.097210169 0.63959175 4291762714
0.55653524 -0.097210012 0.63959062 4292877340
0.55884051 -0.097209826 0.63958907 4292811547
0.56114578 -0.09720961 0.63958752 4292877340
0.56345105 -0.097209394 0.63958597 4292679961
0.56633264 -0.097209126 0.639584 4292877340
0.56921422 -0.097208887 0.63958216 4292877340
0.57151949 -0.097208671 0.63958061 4292811547
0.57382476 -0.097208455 0.63957906 4292811547
0.57613003 -0.097208247 0.63957757 4292877340
0.5784353 -0.09720806 0.63957602 4292745754
0.58131689 -0.097207792 0.63957405 4292877340
0.58419847 -0.097207524 0.63957214 4292811547
0.58650374 -0.097207338 0.63957065 4292745754
0.58880901 -0.097207122 0.6395691 4292877340
0.59111428 -0.097206905 0.63956755 4292877340
0.59341955 -0.097206689 0.639566 4293008926
0.59630114 -0.097206451 0.63956404 4292877340
0.59918267 -0.097206183 0.63956219 4292877340
0.60148793 -0.097205967 0.63956064 4292811547
0.6037932 -0.097205751 0.63955909 4292877340
0.60609847 -0.097205564 0.6395576 4292943133
0.60840374 -0.097205348 0.63955605 4292877340
0.61128533 -0.09720508 0.63955408 4292877340
0.61416692 -0.097204842 0.63955224 4292811547
0.61647218 -0.097204626 0.63955069 4292943133
0.5542298 -0.094904959 0.6395849 4291696664
0.55653507 -0.094904751 0.63958335 4292877340
0.55884033 -0.094904564 0.6395818 4292877340
0.5611456 -0.094904348 0.63958025 4292811547
0.56345087 -0.094904132 0.63957876 4292811547
0.56633246 -0.094903894 0.63957673 4292877340
0.56921405 -0.094903626 0.63957489 4292877340
0.57151926 -0.094903409 0.63957334 4292811547
0.57382452 -0.094903193 0.63957185 4292096040
0.57612985 -0.095479324 0.63957208 4291380534
0.57862723 -0.095094889 0.63956922 4291835693
0.58131665 -0.094902523 0.63956678 4292811547
0.58419824 -0.094902284 0.63956493 4292877340
0.58650351 -0.094902068 0.63956338 4292877340
0.58880877 -0.09490186 0.63956183 4292811547
0.59111404 -0.094901644 0.63956028 4292877340
0.59341931 -0.094901457 0.63955879 4292943133
0.5963009 -0.094901189 0.63955677 4292943133
0.59918249 -0.094900921 0.63955492 4292877340
0.60148776 -0.094900705 0.63955337 4293008926
0.60379303 -0.094900519 0.63955188 4292877340
0.60609829 -0.094900303 0.63955033 4292745754
0.60840356 -0.094900087 0.63954878 4292877340
0.61128515 -0.094899848 0.63954681 4292943133
0.61416674 -0.09489958 0.63954496 4292745754
0.6162799 -0.095091477 0.63954413 4291835436
0.55250055 -0.092023544 0.63957697 4288615444
0.55422956 -0.092599697 0.63957763 4293008926
0.55653483 -0.092599511 0.63957608 4292811547
0.5588401 -0.092599295 0.63957453 4292877340
0.56114537 -0.092599086 0.63957298 4292745754
0.56345063 -0.0925989 0.63957149 4293008926
0.56633222 -0.092598632 0.63956952 4292811547
0.56921381 -0.092598364 0.63956761 4292943133
0.57151908 -0.092598148 0.63956612 4292877340
0.57324803 -0.092597984 0.63956493 4291898661
0.58246917 -0.093173467 0.63956064 4291183155
0.58419812 -0.09317334 0.63955945 4292811547
0.58650333 -0.092596807 0.63955611 4292552483
0.5888086 -0.092596591 0.63955456 4292943133
0.59111387 -0.092596404 0.63955307 4292811547
0.59341913 -0.092596196 0.63955152 4292877340
0.59630066 -0.092595927 0.63954955 4292943133
0.59918225 -0.092595652 0.63954765 4292745754
0.60148752 -0.092595473 0.63954616 4292877340
0.60379279 -0.092595257 0.63954461 4292745754
0.60609806 -0.092595041 0.63954306 4292877340
0.60840333 -0.092594855 0.63954151 4292745754
0.61128491 -0.092594586 0.63953954 4292877340
0.6141665 -0.092594318 0.63953769 4292943133
0.61589545 -0.092594154 0.63953656 4291117362
0.55250043 -0.090294629 0.63957149 4292943133
0.55422938 -0.090294465 0.63957036 4292811547
0.55653465 -0.090294249 0.63956881 4292877340
0.55883992 -0.090294033 0.63956726 4292811547
0.56114519 -0.090293847 0.63956577 4292811547
0.56345046 -0.090293631 0.63956422 4292811547
0.56633204 -0.090293363 0.63956225 4292877340
0.56921357 -0.090293095 0.6395604 4292811547
0.57151884 -0.090292908 0.63955885 4292877340
0.58880842 -0.090867676 0.63954914 4291051569
0.59130573 -0.090483241 0.63954628 4291704107
0.5934189 -0.090290926 0.63954425 4292877340
0.59630048 -0.090290658 0.63954228 4292877340
0.59918207 -0.09029042 0.63954043 4292877340
0.60148734 -0.090290204 0.63953888 4292943133
0.60379261 -0.090289988 0.63953733 4292943133
0.60609788 -0.090289809 0.63953578 4292745754
0.60840315 -0.090289593 0.63953429 4292877340
0.61128473 -0.090289325 0.63953227 4292877340
0.61416632 -0.090289056 0.63953042 4292811547
0.55192381 -0.087413102 0.63956279 4292090394
0.55422908 -0.087412886 0.63956124 4292811547
0.55653435 -0.08741267 0.63955969 4292811547
0.55883962 -0.087412484 0.63955814 4292811547
0.56114489 -0.087412268 0.63955665 4292877340
0.56345016 -0.087412052 0.6395551 4292877340
0.56633174 -0.087411813 0.63955319 4292943133
0.56921333 -0.087411545 0.63955122 4292811547
0.57123047 -0.087699518 0.63955086 4292030248
0.5963003 -0.088561743 0.63953692 4291769643
0.59918183 -0.087985158 0.63953316 4292096040
0.60160232 -0.087639168 0.63953048 4292160293
0.60379231 -0.087408438 0.63952821 4292745754
0.60609758 -0.08740823 0.63952667 4292811547
0.60840285 -0.087408014 0.63952512 4292811547
0.61128443 -0.087407775 0.63952321 4292811547
0.61387789 -0.087695688 0.63952249 4291705391
0.55134726 -0.084531605 0.63955408 4291958808
0.55422884 -0.084531337 0.63955224 4292877340
0.55653411 -0.084531121 0.63955069 4292811547
0.55883938 -0.084530905 0.63954914 4292877340
0.56114465 -0.084530689 0.63954759 4292811547
0.56344992 -0.084530503 0.6395461 4292811547
0.56633151 -0.084530234 0.63954407 4292811547
0.56921309 -0.084529966 0.63954222 4292943133
0.57094204 -0.08510612 0.63954288 4289488970
0.6060974 -0.08510296 0.63951945 4292030248
0.60840261 -0.084526464 0.63951612 4292030248
0.6112842 -0.084526196 0.63951415 4292943133
0.54904175 -0.082226522 0.63954842 4288681237
0.55134702 -0.082226343 0.63954681 4292877340
0.5542286 -0.082226075 0.63954496 4292811547
0.55653387 -0.082225859 0.63954341 4292877340
0.55883914 -0.082225643 0.63954186 4292811547
0.56114441 -0.082225457 0.63954037 4292943133
0.56344968 -0.082225241 0.63953882 4292811547
0.56633127 -0.082224973 0.63953686 4292877340
0.56921285 -0.082224704 0.63953495 4292161833
0.61186033 -0.082797192 0.63950837 4290533441
0.5486573 -0.079729199 0.63954079 4291434777
0.55134684 -0.079921074 0.63953954 4292877340
0.55422843 -0.079920806 0.63953769 4292811547
0.55653369 -0.07992059 0.63953614 4292877340
0.55883896 -0.079920381 0.63953465 4292877340
0.56114423 -0.079920195 0.6395331 4292877340
0.5634495 -0.079919979 0.63953155 4292811547
0.56633109 -0.079919741 0.63952959 4292877340
0.5686363 -0.079919524 0.6395281 4292943133
0.54846501 -0.077616081 0.63953429 4292352795
0.5513466 -0.077615812 0.63953233 4292943133
0.55422819 -0.077615544 0.63953042 4292943133
0.55653346 -0.077615358 0.63952893 4292877340
0.55883873 -0.077615142 0.63952738 4292877340
0.56114399 -0.077614926 0.63952583 4292811547
0.56344926 -0.077614717 0.63952428 4292811547
0.56633085 -0.077614479 0.63952231 4292877340
0.56863618 -0.078190573 0.63952267 4289488970
0.54673588 -0.075310983 0.63952816 4290779417
0.54846483 -0.075310819 0.63952702 4292811547
0.55134642 -0.075310551 0.63952506 4292811547
0.55422801 -0.075310282 0.63952321 4292811547
0.55653328 -0.075310096 0.63952166 4292811547
0.55883855 -0.07530988 0.63952011 4292943133
0.56114376 -0.075309664 0.63951856 4292811547
0.56344903 -0.075309448 0.63951707 4292877340
0.56633061 -0.07530921 0.63951504 4292356388
0.54627454 -0.07219892 0.63951868 4292024858
0.54846454 -0.07242924 0.6395179 4292811547
0.55134612 -0.072428972 0.639516 4292877340
0.55422771 -0.072428733 0.63951403 4292877340
0.55653298 -0.072428517 0.63951254 4292745754
0.55883825 -0.072428301 0.63951099 4292877340
0.56114352 -0.072428115 0.63950944 4292811547
0.56344879 -0.072427899 0.63950789 4292877340
0.56563878 -0.072658218 0.63950723 4292485920
0.54443002 -0.068971716 0.63950974 4288418065
0.54615903 -0.069547877 0.63951039 4292811547
0.5484643 -0.069547661 0.6395089 4292877340
0.55134588 -0.069547422 0.63950688 4292745754
0.55422747 -0.069547154 0.63950503 4292811547
0.55653274 -0.069546938 0.63950348 4292811547
0.55883801 -0.069546752 0.63950199 4292877340
0.56114328 -0.069546536 0.63950044 4292877340
0.56344855 -0.06954632 0.63949889 4292745754
0.5651775 -0.069546163 0.63949776 4292030248
0.54442984 -0.067242771 0.63950431 4292811547
0.54615879 -0.067242637 0.63950318 4292745754
0.54846406 -0.067242429 0.63950163 4292811547
0.55134565 -0.067242153 0.63949966 4292745754
0.55422723 -0.067241915 0.63949782 4293008926
0.5565325 -0.067241706 0.63949627 4292811547
0.55883777 -0.06724149 0.63949472 4292745754
0.56114304 -0.067241274 0.63949317 4292811547
0.56344831 -0.067241088 0.63949162 4292745754
0.54385334 -0.064937592 0.63949746 4290981158
0.54615861 -0.064937375 0.63949591 4292811547
0.54846388 -0.064937159 0.63949436 4292877340
0.55134547 -0.064936891 0.63949239 4292811547
0.55422705 -0.064936653 0.63949054 4292811547
0.55653232 -0.064936437 0.639489 4292877340
0.55883759 -0.064936221 0.63948745 4292811547
0.5611428 -0.064936042 0.6394859 4292943133
0.56325603 -0.065127939 0.63948512 4291769900
0.54673475 -0.063208379 0.63949007 4289488970
0.5484637 -0.063208215 0.63948894 4292943133
0.55134523 -0.062631659 0.63948512 4292224802
0.55422682 -0.062631391 0.63948327 4292943133
0.55653208 -0.062631175 0.63948172 4292811547
0.55883735 -0.062630959 0.63948017 4292877340
0.56114262 -0.062630773 0.63947868 4292943133
0.56287158 -0.062630616 0.63947749 4291380534
0.55422664 -0.060902443 0.63947785 4292030247
0.55672401 -0.060518008 0.63947493 4292224802
0.55883712 -0.060325727 0.63947296 4292943133
0.56114239 -0.060325511 0.63947141 4292745754
0.55941331 -0.058596727 0.63946712 4289423177
0.56114227 -0.058596563 0.63946599 4291314741
0.57582045 -0.15876657 0.6417715 4285556039
0.57453519 -0.15535705 0.64076167 4288681237
0.57338041 -0.15189384 0.64075154 4288483858
0.57247603 -0.1494489 0.64274442 4284353805
0.57222563 -0.14843066 0.64074141 4288747030
0.57131761 -0.1459749 0.64273423 4284353805
0.57003778 -0.14257979 0.64172441 4284090633
0.56888121 -0.13911119 0.64171427 4286254349
0.56772465 -0.13564259 0.64170414 4286451728
0.53066444 -0.13227236 0.64071816 4290581524
0.56645197 -0.13226911 0.64069438 4288615444
0.52373773 -0.13111855 0.64071918 4288418065
0.53419322 -0.13102067 0.64171189 4290844696
0.53773284 -0.12976535 0.64270556 4290713110
0.56541157 -0.12928438 0.64168566 4286517521
0.5412069 -0.12860702 0.6426996 4290910489
0.56436753 -0.12628885 0.64267689 4284288012
0.55375242 -0.12418927 0.64067739 4290910489
0.52036142 -0.12166063 0.64269161 4286385935
0.55731732 -0.12292492 0.641671 4290713110
0.560893 -0.12165699 0.64266461 4290713110
0.56320918 -0.12281482 0.64266676 4284485391
0.51920307 -0.11818665 0.64268148 4288483858
0.58405316 -0.11354865 0.64262366 4290910489
0.59646523 -0.10917781 0.64060169 4290778903
0.60009682 -0.10789003 0.64159518 4290778903
0.60373926 -0.10659862 0.64258868 4291042075
0.61609 -0.10224946 0.64056683 4290713110
0.55500269 -0.099800445 0.64159977 4284419598
0.55384612 -0.096331812 0.64158958 4286451728
0.55268955 -0.09286321 0.64157945 4286451728
0.55144036 -0.08955653 0.64056987 4288681237
0.55028564 -0.086093321 0.64055973 4288549651
0.54930902 -0.083442762 0.64255202 4284288012
0.54815066 -0.079968736 0.64254189 4284419598
0.54690689 -0.076676473 0.64153236 4284222219
0.54575032 -0.07320787 0.64152217 4286385935
0.54451191 -0.069931805 0.6405127 4288812823
0.54335719 -0.066468626 0.64050257 4288549651
0.57492149 -0.15633965 0.6437645 4284156426
0.57376128 -0.15286024 0.6437543 4284485391
0.57040244 -0.14350466 0.64472711 4284156426
0.56924045 -0.14001985 0.64471692 4284288012
0.56796056 -0.13662294 0.64370704 4284485391
0.52509713 -0.13421556 0.64472806 4287500304
0.56680042 -0.13314351 0.64369684 4284288012
0.52277327 -0.12840755 0.64471132 4284090633
0.54476273 -0.12734629 0.64369327 4289795606
0.52156556 -0.1250287 0.64370143 4286517521
0.54832941 -0.12608197 0.644687 4288680723
0.56343067 -0.1237573 0.64466959 4284156426
0.58767575 -0.11226448 0.64361721 4289532434
0.59130919 -0.1109767 0.64461082 4288812309
0.60739255 -0.10530364 0.64358217 4289729813
0.61105663 -0.10400502 0.64457572 4289861399
0.61454147 -0.10284307 0.64456975 4289009688
0.55529696 -0.10052512 0.64460188 4284024840
0.55413502 -0.097040281 0.64459169 4284288012
0.55287856 -0.093710124 0.64358199 4284288012
0.55171841 -0.090230703 0.64357179 4284288012
0.55055827 -0.08675126 0.6435616 4284485391
0.54832524 -0.080777757 0.64454436 4284288012
0.54716325 -0.077292912 0.64453417 4284222219
0.54600132 -0.073808074 0.64452398 4284419598
0.54475749 -0.070513994 0.64351434 4284419598
0.54359734 -0.06703458 0.6435042 4284222219
0.57530779 -0.15733309 0.64676738 4284288012
0.57401526 -0.15389831 0.64575744 4284288012
0.57285148 -0.15040804 0.64574724 4284222219
0.57181108 -0.14742963 0.64673853 4284419598
0.57076705 -0.14444041 0.64772981 4284156426
0.56947994 -0.14102004 0.64671987 4284419598
0.56831437 -0.1375244 0.64670968 4284222219
0.5671488 -0.13402873 0.64669943 4284222219
0.52398461 -0.13179725 0.64572114 4284288012
0.52863854 -0.13296029 0.64572173 4288812309
0.53212881 -0.13179651 0.64571571 4288943895
0.53568649 -0.1305358 0.64670938 4288746516
0.53925496 -0.12927148 0.64770305 4288614930
0.56586891 -0.13063003 0.64568961 4284419598
0.56470513 -0.12713976 0.64567941 4284353805
0.55190694 -0.12481403 0.64568061 4288943895
0.56376284 -0.12460105 0.647672 4284551184
0.52058131 -0.1222708 0.6476934 4284419598
0.55549526 -0.12354248 0.64667416 4288746516
0.55909437 -0.12226734 0.64766777 4288943895
0.51937175 -0.11888473 0.64668357 4284353805
0.56259549 -0.12109997 0.64766175 4286648850
0.59495342 -0.10968529 0.64560431 4288746516
0.59860843 -0.1083903 0.6465978 4288614930
0.60227436 -0.10709169 0.64759123 4288812309
0.55559129 -0.10126061 0.64760399 4288615701
0.61822176 -0.10153905 0.64556319 4287456326
0.55442387 -0.097759537 0.64759374 4284419598
0.55316204 -0.094411358 0.64658403 4284288012
0.55199647 -0.090915672 0.64657378 4284222219
0.55074006 -0.087583728 0.64556414 4284288012
0.54957628 -0.084093466 0.64555395 4284156426
0.54858702 -0.081421256 0.64754617 4284222219
0.54741967 -0.077920176 0.64753592 4284090633
0.54616863 -0.074602649 0.64652634 4284419598
0.54500306 -0.071107 0.64651608 4284353805
0.5437575 -0.0678057 0.64550656 4284288012
0.57569408 -0.15833732 0.64977032 4284419598
0.58024067 -0.15722173 0.64876372 4289686349
0.57439613 -0.15488452 0.64876026 4284353805
0.57322693 -0.15137805 0.64875001 4284288012
0.56983924 -0.14194855 0.64972264 4284353805
0.56866819 -0.13843666 0.64971232 4284353805
0.52652359 -0.13375778 0.64972568 4288680723
0.56738108 -0.1350145 0.64870238 4284222219
0.56621194 -0.13150804 0.64869213 4284419598
0.52301115 -0.12907542 0.64971328 4284353805
0.54283422 -0.12800355 0.64869666 4288812309
0.54642439 -0.12673199 0.64969033 4288680723
0.56504273 -0.12800154 0.64868188 4284353805
0.52179444 -0.12566771 0.64870328 4284419598
0.56281334 -0.12204785 0.64966464 4284090633
0.58608097 -0.11280445 0.64862001 4288746516
0.58973783 -0.11150946 0.64961356 4288746516
0.60595107 -0.10578949 0.64858472 4288680723
0.60945755 -0.10462032 0.6485787 4288549137
0.61315048 -0.10331269 0.64957213 4288549137
0.55461651 -0.098635294 0.64959639 4284419598
0.55344552 -0.095123373 0.64958614 4284353805
0.55218184 -0.091767982 0.64857638 4284288012
0.55101264 -0.088261485 0.64856607 4284353805
0.54984349 -0.084755018 0.64855582 4284024840
0.54641962 -0.075222708 0.64952815 4284419598
0.54524863 -0.071710818 0.64951789 4284288012
0.54399765 -0.068391472 0.64850819 4284090633
0.54282844 -0.064885005 0.64849794 4284757543
0.57477701 -0.15588158 0.6517632 4284090633
0.57360244 -0.15235884 0.65175289 4284222219
0.57230449 -0.14890422 0.65074289 4284419598
0.57137483 -0.14641601 0.65273565 4284616977
0.57113171 -0.14538693 0.65073258 4284288012
0.57019842 -0.14288788 0.65272534 4284288012
0.56902206 -0.13935976 0.65271497 4284222219
0.56772953 -0.13591954 0.65170503 4284419598
0.52423149 -0.13249399 0.65072322 4284222219
0.53009391 -0.13249347 0.65071929 4288680723
0.53367501 -0.13122553 0.65171289 4288680723
0.5665549 -0.13239685 0.65169472 4284288012
0.53726691 -0.129954 0.6527065 4288943895
0.56526786 -0.1289729 0.65068483 4284288012
0.55002534 -0.12545685 0.65068388 4288680723
0.55363709 -0.12417809 0.65167743 4288549137
0.56409502 -0.12545559 0.65067452 4284419598
0.52080113 -0.122899 0.6526953 4284288012
0.55725968 -0.1228957 0.65267098 4289009688
0.56078786 -0.12171934 0.65266496 4288746516
0.56314009 -0.12289519 0.65266705 4284353805
0.51958257 -0.11948407 0.65168536 4284353805
0.518408 -0.11596136 0.65167505 4284889129
0.59340549 -0.11021084 0.65060699 4289009688
0.59708399 -0.10890864 0.65160048 4288746516
0.60060674 -0.10773404 0.6515944 4288746516
0.60430145 -0.10642643 0.65258783 4288614930
0.61685425 -0.10200145 0.65056556 4289009688
0.55490535 -0.099374399 0.6525985 4284222219
0.55372894 -0.095846273 0.65258819 4284288012
0.5524599 -0.092472829 0.65157843 4284222219
0.55128533 -0.08895009 0.65156811 4284090633
0.55002165 -0.085592881 0.65055841 4284222219
0.54884887 -0.082075574 0.6505481 4284288012
0.54784703 -0.079381704 0.65254027 4284288012
0.54767609 -0.078558289 0.65053779 4284156426
0.54667062 -0.075853586 0.65252995 4284353805
0.54541242 -0.072510816 0.65152025 4284222219
0.54423779 -0.068988085 0.65150994 4284288012
0.54306316 -0.065465383 0.65149963 4284090633
0.57515794 -0.15688942 0.65476614 4284090633
0.57385278 -0.15341136 0.65375608 4284222219
0.57267457 -0.14987783 0.65374571 4284288012
0.56925797 -0.14037436 0.65471804 4284156426
0.56807792 -0.13683543 0.65470773 4284222219
0.56689793 -0.13329649 0.65469736 4284156426
0.52324903 -0.12976135 0.6547153 4284090633
0.54086971 -0.12867884 0.65370017 4288812309
0.5656054 -0.12985449 0.65368742 4284288012
0.52202326 -0.12632477 0.6537053 4284353805
0.54448324 -0.12740009 0.65469372 4288680723
0.5644272 -0.12632094 0.65367705 4284156426
0.58445007 -0.11336246 0.65362293 4288680723
0.58813041 -0.11206023 0.65461636 4288549137
0.60800707 -0.10511516 0.65358126 4289009688
0.61172342 -0.10380034 0.65457463 4288746516
0.55391794 -0.096727431 0.6545909 4284551184
0.55273795 -0.093188457 0.65458053 4284353805
0.55155796 -0.089649521 0.65457016 4284222219
0.55028886 -0.086274251 0.6535604 4284024840
0.54911065 -0.082740739 0.65355003 4284353805
0.54565793 -0.07313446 0.65452212 4284353805
0.54447794 -0.069595523 0.65451175 4284222219
0.54321975 -0.066250935 0.65350205 4284288012
0.57553881 -0.15790813 0.65776908 4284156426
0.57422829 -0.15441203 0.65675896 4284353805
0.58501941 -0.15553707 0.65775532 4289817935
0.57304466 -0.15086225 0.65674853 4284353805
0.57173949 -0.14738238 0.65573847 4284419598
0.57055765 -0.14383802 0.6557281 4284353805
0.56961179 -0.14131731 0.6577208 4284353805
0.56842637 -0.13776213 0.65771037 4284156426
0.56712663 -0.13429669 0.65670031 4284156426
0.52447844 -0.13320875 0.6557253 4284222219
0.52802289 -0.13320845 0.65572298 4288878102
0.53162748 -0.13193332 0.65671653 4288878102
0.53524286 -0.13065454 0.65771008 4288614930
0.565943 -0.1307469 0.65668994 4284222219
0.54810768 -0.12611771 0.65568727 4288680723
0.56475937 -0.12719715 0.65667957 4284353805
0.55174285 -0.12483173 0.65668076 4288417551
0.55529267 -0.12364812 0.65667468 4288549137
0.56346685 -0.12375334 0.65566957 4284353805
0.52102095 -0.12354524 0.6576972 4284288012
0.55894411 -0.12235674 0.65766817 4288943895
0.51983553 -0.11999004 0.65768677 4284419598
0.51860976 -0.11655167 0.65667677 4284288012
0.59182155 -0.11075444 0.65560979 4288680723
0.59536588 -0.10957263 0.65560371 4288878102
0.59907329 -0.10826139 0.65659714 4288812309
0.60279149 -0.10694654 0.65759051 4288680723
0.61545062 -0.10248187 0.655568 4288549137
0.55519426 -0.10012432 0.65560073 4284222219
0.55420142 -0.097470142 0.65759301 4284353805
0.55301601 -0.093914971 0.65758258 4284353805
0.55173969 -0.090516254 0.65657276 4284156426
0.55055612 -0.086966477 0.65656239 4284222219
0.54937249 -0.083416723 0.65655196 4284419598
0.54810339 -0.080039665 0.65554219 4284288012
0.54692161 -0.076495305 0.65553182 4284222219
0.5459035 -0.073768973 0.65752393 4284288012
0.54471809 -0.070213772 0.6575135 4284288012
0.54345447 -0.066851139 0.6565038 4284024840
0.57460374 -0.15542348 0.65976191 4284288012
0.57341468 -0.1518575 0.65975147 4284353805
0.57210416 -0.14835958 0.65874135 4284353805
0.57091695 -0.14479898 0.65873092 4284222219
0.56746966 -0.13521615 0.65970302 4284288012
0.5662806 -0.13165016 0.65969259 4284353805
0.52348697 -0.13046531 0.65971738 4284156426
0.53886902 -0.12937216 0.65870368 4288943895
0.52225214 -0.12699986 0.65870726 4284024840
0.5425061 -0.12808618 0.65969723 4288417551
0.56498086 -0.1281829 0.65868258 4284222219
0.56379366 -0.12462234 0.65867215 4284288012
0.56260639 -0.12106174 0.65866172 4286583057
0.58648694 -0.11262907 0.65961927 4288680723
0.5900529 -0.11144006 0.65961313 4288812309
0.60652047 -0.10562807 0.65858388 4288549137
0.61026031 -0.104306 0.65957725 4288812309
0.55201238 -0.091235533 0.65957487 4284222219
0.55082333 -0.087669514 0.65956444 4284288012
0.54954708 -0.08426901 0.65855461 4284419598
0.54835981 -0.080708414 0.65854418 4284156426
0.54717261 -0.077147819 0.65853375 4284090633
0.54368919 -0.067462184 0.65950561 4284090633
0.57497925 -0.15644579 0.66276491 4284156426
0.57366145 -0.15292443 0.66175467 4284419598
0.57246882 -0.1493476 0.66174418 4284156426
0.57127619 -0.14577076 0.66173375 4284353805
0.5699656 -0.14227106 0.66072357 4284222219
0.56877476 -0.13869965 0.66071314 4284288012
0.56781262 -0.13614647 0.66270578 4284156426
0.52472532 -0.13394159 0.6607275 4285271052
0.52591586 -0.13394147 0.66072667 4288878102
0.52954388 -0.13265911 0.66172022 4288746516
0.53318268 -0.13137314 0.66271383 4288878102
0.5666182 -0.13256425 0.66269529 4284419598
0.56531304 -0.12907895 0.66168517 4284353805
0.5461539 -0.12679659 0.66069072 4288812309
0.52124083 -0.1242095 0.66269922 4284288012
0.54972535 -0.12560578 0.66068459 4288614930
0.55338943 -0.12431078 0.66167808 4288614930
0.56412041 -0.12550212 0.66167468 4284353805
0.55706435 -0.12301216 0.66267157 4288746516
0.56282067 -0.12203307 0.66066462 4284222219
0.52004635 -0.12062728 0.66268873 4284222219
0.51881158 -0.11716003 0.66167855 4284353805
0.59377289 -0.11012523 0.66060656 4289075481
0.59750372 -0.10880675 0.66159987 4288812309
0.6012454 -0.10748469 0.66259331 4288614930
0.61401099 -0.10298035 0.66057056 4288614930
0.61777246 -0.10165106 0.66156387 4288680723
0.5544849 -0.098223679 0.66059524 4284353805
0.55329406 -0.094652265 0.66058475 4284222219
0.55228502 -0.091965593 0.66257703 4284222219
0.55109054 -0.088383369 0.66256654 4284090633
0.54980886 -0.084964812 0.6615566 4284156426
0.54861623 -0.081388012 0.66154611 4284288012
0.54733992 -0.077985696 0.66053629 4284353805
0.54614908 -0.074414283 0.6605258 4284485391
0.54511839 -0.0716663 0.66251791 4284222219
0.54495823 -0.07084284 0.66051537 4284616977
0.54392397 -0.068084046 0.66250741 4284222219
0.5427295 -0.064501822 0.66249692 4284889129
0.57403153 -0.1539395 0.66475767 4284222219
0.57283348 -0.15034643 0.66474712 4284288012
0.57151568 -0.14682329 0.66373694 4284090633
0.57031941 -0.14323564 0.66372645 4284419598
0.56912321 -0.13964799 0.6637159 4284288012
0.52372485 -0.1311873 0.66471952 4284222219
0.53683233 -0.13008355 0.66370732 4288943895
0.54049283 -0.12879036 0.66470081 4288614930
0.56564522 -0.12998579 0.66468781 4284419598
0.52248102 -0.12769298 0.66370934 4284222219
0.56444716 -0.12639274 0.66467732 4284222219
0.56075007 -0.12170995 0.66366506 4288680723
0.563142 -0.12290566 0.6636672 4284419598
0.58840042 -0.11201791 0.66461611 4288878102
0.60499787 -0.10615904 0.66358662 4288746516
0.60876113 -0.10482974 0.66457993 4288746516
0.55476832 -0.098988034 0.66359746 4284090633
0.55357212 -0.095400386 0.66358697 4284419598
0.55007064 -0.08567147 0.66455865 4284353805
0.54887259 -0.082078397 0.66454816 4284353805
0.54759091 -0.078658052 0.66353828 4284288012
0.54639471 -0.075070404 0.66352779 4284485391
0.54288244 -0.065310836 0.66449934 4284090633
0.5753547 -0.15747888 0.66576791 4284353805
0.57440162 -0.15496542 0.66776067 4284485391
0.58989555 -0.15381995 0.66674668 4289817935
0.57319814 -0.15135612 0.66775012 4284353805
0.57187492 -0.14781491 0.66673976 4284288012
0.57067329 -0.14421102 0.66672921 4284288012
0.5694716 -0.14060715 0.66671866 4284419598
0.56815565 -0.1370876 0.66570848 4284222219
0.52742416 -0.13340296 0.66672403 4288812309
0.53108644 -0.13210976 0.66771752 4288746516
0.56695575 -0.13348915 0.66569799 4284288012
0.56597739 -0.1309035 0.66769052 4284616977
0.54416412 -0.12749353 0.66569424 4288746516
0.54776257 -0.12629369 0.6656881 4288746516
0.56477392 -0.12729418 0.66767997 4284353805
0.55145013 -0.12499148 0.66668153 4288680723
0.55514848 -0.12368564 0.66767502 4288680723
0.56346339 -0.12378906 0.66666973 4284222219
0.52025717 -0.12128251 0.66769069 4284419598
0.5190134 -0.11778643 0.66668046 4284419598
0.59214383 -0.11069584 0.66560942 4288614930
0.59589809 -0.10937019 0.66660273 4289009688
0.5996632 -0.10804092 0.6675961 4288812309
0.61253524 -0.10349686 0.66557318 4288812309
0.61632019 -0.10216038 0.66656649 4288614930
0.55385011 -0.096159354 0.66658914 4284222219
0.55255765 -0.092706509 0.66557914 4284222219
0.55135775 -0.089108042 0.66556865 4284353805
0.55033249 -0.086388938 0.66756082 4284288012
0.54912901 -0.082779631 0.66755027 4284222219
0.54784191 -0.079341263 0.66654021 4284288012
0.54664022 -0.075737379 0.66652966 4284090633
0.54535854 -0.072315216 0.66551977 4284222219
0.5441587 -0.068716757 0.66550922 4284222219
0.54311174 -0.065936312 0.66750121 4284288012
0.5757302 -0.15852283 0.66877097 4286069548
0.57223421 -0.14881736 0.6697427 4284419598
0.5710271 -0.14519724 0.66973215 4284156426
0.56970394 -0.14165425 0.66872185 4284156426
0.56849867 -0.13803956 0.6687113 4284353805
0.56729335 -0.13442485 0.6687007 4284419598
0.52396274 -0.13192733 0.66972172 4284156426
0.53475958 -0.13081297 0.66871101 4288746516
0.53844345 -0.12951255 0.66970444 4288746516
0.52270991 -0.12840417 0.66871142 4284090633
0.52150464 -0.12478947 0.66870087 4284353805
0.56378472 -0.12468331 0.66967237 4284288012
0.55885768 -0.12237623 0.66866839 4288746516
0.56257766 -0.12106319 0.66966176 4286648850
0.60343915 -0.10670803 0.66858941 4288878102
0.60722584 -0.10537152 0.66958266 4288812309
0.55403554 -0.097072959 0.66859198 4284288012
0.55283028 -0.093458265 0.66858137 4284090633
0.55162501 -0.089843541 0.66857082 4284024840
0.5480929 -0.080035262 0.66954225 4284353805
0.54688585 -0.076415144 0.6695317 4284353805
0.54559875 -0.072974958 0.6685217 4284353805
0.54439342 -0.069360256 0.66851115 4284156426
0.57477164 -0.15600213 0.67076367 4284222219
0.5735628 -0.15237662 0.67075306 4284222219
0.57259345 -0.14983065 0.6727457 4284222219
0.57138091 -0.14619429 0.6727351 4284222219
0.57005233 -0.14263326 0.67172468 4284222219
0.56884164 -0.13900232 0.67171407 4284288012
0.52526844 -0.13416484 0.67172784 4287829269
0.56763095 -0.13537139 0.67170346 4284485391
0.52895415 -0.13286442 0.67272139 4288878102
0.56630957 -0.131832 0.67069322 4284156426
0.54213822 -0.12820853 0.67069787 4288680723
0.54584378 -0.12690091 0.6716913 4288812309
0.56510067 -0.12820646 0.67068261 4284551184
0.54947472 -0.12569021 0.67168504 4288812309
0.55319655 -0.12437717 0.67267853 4288812309
0.56410611 -0.12558834 0.67267507 4284222219
0.52046806 -0.1219558 0.67269266 4284353805
0.56289357 -0.12195199 0.6726644 4284419598
0.51921523 -0.11843085 0.67168236 4284419598
0.58685315 -0.1124934 0.67061865 4289795606
0.59047872 -0.11128455 0.67061239 4288746516
0.5942564 -0.10995167 0.67160571 4289009688
0.59804499 -0.10861515 0.67259902 4288878102
0.61102343 -0.10403143 0.67057592 4288680723
0.61483181 -0.10268771 0.67156911 4288812309
0.61865097 -0.10134038 0.67256242 4287653705
0.5543136 -0.097851746 0.6715942 4284485391
0.55310291 -0.09422081 0.67158359 4284222219
0.55189222 -0.090589881 0.67157292 4284156426
0.55059427 -0.087117225 0.67056292 4284353805
0.54938543 -0.083491683 0.67055231 4284288012
0.5483439 -0.080740102 0.67254436 4284353805
0.54713142 -0.077103749 0.67253369 4284222219
0.54583889 -0.07364554 0.67152363 4284485391
0.5446282 -0.070014603 0.67151302 4284222219
0.5433411 -0.066572607 0.67050302 4284419598
0.57514173 -0.15704969 0.67376673 4284353805
0.57392746 -0.1534079 0.67375606 4284156426
0.57040077 -0.14362308 0.67472762 4284156426
0.56918466 -0.13997591 0.67471695 4284288012
0.56785607 -0.13641307 0.67370665 4284353805
0.53265071 -0.1315604 0.67371476 4288101421
0.56664175 -0.13277133 0.67369598 4284419598
0.5229845 -0.12903824 0.67471325 4285020715
0.53635806 -0.13025278 0.67470819 4288035628
0.56542748 -0.12912954 0.67368531 4284353805
0.52172446 -0.1254916 0.67370296 4284616977
0.55692917 -0.12306052 0.67367184 4288101421
0.56067264 -0.12174027 0.67466521 4287653705
0.60184431 -0.10727506 0.67359227 4288298800
0.60565454 -0.10593134 0.67458552 4287522119
0.55459166 -0.098641381 0.67459655 4288747287
0.55337554 -0.09499418 0.67458588 4284419598
0.55215943 -0.091347009 0.67457521 4284156426
0.55085611 -0.08785633 0.67356509 4284024840
0.54964179 -0.084214553 0.67355442 4284222219
0.54607904 -0.07432691 0.67452568 4284353805
0.54486293 -0.070679747 0.67451501 4284288012
0.54357046 -0.067219719 0.67350495 4284485391
0.57551181 -0.15810806 0.67676985 4285358660
0.57429212 -0.15445004 0.67675918 4284691750
0.57295269 -0.15085474 0.67574871 4284419598
0.57173479 -0.14720218 0.67573798 4284419598
0.57074916 -0.14462376 0.67773056 4285292867
0.56952769 -0.14096035 0.67771983 4285358660
0.56830615 -0.13729694 0.67770916 4285358660
0.52678579 -0.13363716 0.67772526 4287324740
0.56697392 -0.13372144 0.6766988 4284691750
0.52424818 -0.13259566 0.67572361 4285292867
0.54007626 -0.12894155 0.67570156 4287719498
0.56575423 -0.13006346 0.67668808 4284288012
0.5438053 -0.12762669 0.67669499 4287653705
0.54754514 -0.12630823 0.67768836 4287653705
0.56442744 -0.12650423 0.67567772 4284419598
0.56320953 -0.12285164 0.67566699 4284288012
0.51945734 -0.11898375 0.67768401 4285292867
0.58892065 -0.11177085 0.67661506 4287719498
0.59272724 -0.11042896 0.67760831 4287522119
0.60947555 -0.10458401 0.67557871 4287719498
0.61330736 -0.10323308 0.67657197 4287522119
0.61715001 -0.10187855 0.6775651 4287587912
0.55364817 -0.095778391 0.67758816 4285227074
0.5524267 -0.092114985 0.6775775 4285227074
0.5511179 -0.088606253 0.67656732 4284823336
0.54989821 -0.084948264 0.67655659 4284156426
0.54859489 -0.081455767 0.67554641 4284353805
0.54737699 -0.07780318 0.67553574 4284156426
0.54631919 -0.075019136 0.67752773 4285490246
0.54509771 -0.0713557 0.677517 4285292867
0.54379976 -0.06787765 0.67650694 4284889129
0.57086539 -0.14577501 0.67873412 4285490246
0.56853127 -0.13835666 0.6797123 4285490246
0.53423655 -0.13101107 0.679712 4287653705
0.56608099 -0.13100822 0.67969078 4285358660
0.55129576 -0.12498619 0.67868167 4287587912
0.56357819 -0.12432333 0.67917144 4285424453
0.52072102 -0.12254299 0.67869437 4285292867
0.59424913 -0.11018441 0.6796065 4287785291
0.54525691 -0.10161535 0.67961216 4289554763
0.61506981 -0.10283387 0.67956948 4287390533
0.55076826 -0.099165291 0.67960078 4287992164
0.55260485 -0.093041241 0.67958027 4285490246
0.55015463 -0.085692771 0.67955875 4285358660
0.57709938 -0.080178864 0.67952347 4288123750
0.54762256 -0.078513421 0.67853785 4285227074
0.52461445 -0.13273181 0.63907635 4290844953
0.52672756 -0.1325397 0.63907266 4292877340
0.52922493 -0.13215552 0.63906807 4291964454
0.52288544 -0.12985024 0.6390745 4288483858
0.52461445 -0.13042654 0.63907266 4292943133
0.52691966 -0.13042657 0.63906902 4292811547
0.52922493 -0.13042657 0.63906533 4292811547
0.5315302 -0.13042656 0.63906163 4292877340
0.5341236 -0.1301384 0.63905704 4292030248
0.53671706 -0.12985024 0.63905245 4289620556
0.52288544 -0.12812129 0.63907176 4291762457
0.52461445 -0.12812127 0.63906896 4292877340
0.52691966 -0.1281213 0.63906533 4293008926
0.52922493 -0.1281213 0.63906163 4292811547
0.5315302 -0.1281213 0.63905799 4292877340
0.53441179 -0.1281213 0.63905329 4292811547
0.53729337 -0.1281213 0.63904876 4292811547
0.53959864 -0.12812133 0.63904512 4292030248
0.54190385 -0.127545 0.63904053 4292877340
0.54363281 -0.127545 0.63903773 4288549651
0.52230918 -0.12581602 0.63906896 4291828250
0.52461445 -0.125816 0.63906533 4292745754
0.52691966 -0.12581603 0.63906163 4292811547
0.52922493 -0.12581603 0.63905793 4292811547
0.5315302 -0.12581603 0.6390543 4292745754
0.53441179 -0.12581603 0.63904965 4292745754
0.53729337 -0.12581603 0.63904512 4292811547
0.53959864 -0.12581606 0.63904142 4292745754
0.54190385 -0.12581605 0.63903773 4292811547
0.54420912 -0.12581605 0.63903409 4292811547
0.54651439 -0.12581605 0.6390304 4291696664
0.54881966 -0.12523976 0.63902581 4291828250
0.52058017 -0.12293444 0.63906711 4288878616
0.52230918 -0.12351074 0.63906533 4292811547
0.52461445 -0.12351077 0.63906163 4292943133
0.52691966 -0.12351076 0.63905793 4293008926
0.52922493 -0.12351076 0.6390543 4292811547
0.5315302 -0.12351079 0.6390506 4292877340
0.53441179 -0.12351079 0.63904595 4292877340
0.53729337 -0.12351079 0.63904142 4292811547
0.53959864 -0.12351079 0.63903773 4292877340
0.54190385 -0.12351079 0.63903409 4292877340
0.54420912 -0.12351081 0.6390304 4292811547
0.54651439 -0.12351081 0.6390267 4292811547
0.54939598 -0.12351081 0.63902205 4292811547
0.55227757 -0.12351082 0.63901752 4292221466
0.55458283 -0.12293449 0.63901293 4292943133
0.55631179 -0.12293451 0.63901019 4288286479
0.52058017 -0.12120549 0.63906437 4292811547
0.52230918 -0.12120548 0.63906163 4292811547
0.52461439 -0.1212055 0.63905793 4292877340
0.52691966 -0.1212055 0.6390543 4292877340
0.52922493 -0.12120549 0.6390506 4292877340
0.5315302 -0.12120552 0.63904691 4292811547
0.53441179 -0.12120552 0.63904226 4292943133
0.53729337 -0.12120552 0.63903773 4292811547
0.53959864 -0.12120552 0.63903409 4292811547
0.54190385 -0.12120552 0.6390304 4292745754
0.54420912 -0.12120555 0.6390267 4292811547
0.54651439 -0.12120554 0.63902307 4292877340
0.54939598 -0.12120554 0.63901842 4292877340
0.55227757 -0.12120555 0.63901389 4292811547
0.55458283 -0.12120554 0.63901019 4292877340
0.5568881 -0.12120557 0.6390065 4293008926
0.55919337 -0.12120556 0.63900286 4291828250
0.56092232 -0.12062924 0.63899916 4292614168
0.52000391 -0.11832389 0.63906062 4292155930
0.52230912 -0.11832392 0.63905698 4292811547
0.52461439 -0.11832391 0.63905329 4292877340
0.52691966 -0.11832391 0.63904965 4292811547
0.52922493 -0.11832391 0.63904595 4292811547
0.5315302 -0.11832394 0.63904226 4292877340
0.53441173 -0.11832394 0.63903767 4292877340
0.53729337 -0.11832394 0.63903308 4292877340
0.53959864 -0.11832394 0.63902938 4292877340
0.54190391 -0.11832393 0.63902575 4292877340
0.54420918 -0.11832396 0.63902205 4292877340
0.54651439 -0.11832395 0.63901836 4292877340
0.54939592 -0.11832396 0.63901377 4292811547
0.55227757 -0.11832396 0.63900918 4292877340
0.55458283 -0.11832395 0.63900554 4292877340
0.5568881 -0.11832398 0.63900185 4292811547
0.55919337 -0.11832397 0.63899815 4292877340
0.56092232 -0.118324 0.63899547 4292943133
0.51971573 -0.11573049 0.63905704 4291172376
0.52230912 -0.11544234 0.63905245 4292811547
0.52461439 -0.11544234 0.63904876 4292943133
0.52691966 -0.11544233 0.63904506 4292811547
0.52922493 -0.11544235 0.63904142 4292877340
0.5315302 -0.11544235 0.63903773 4292811547
0.53441179 -0.11544235 0.63903308 4292877340
0.53729337 -0.11544236 0.63902855 4292943133
0.53959864 -0.11544235 0.63902485 4292811547
0.54190385 -0.11544238 0.63902122 4292877340
0.54420912 -0.11544237 0.63901752 4292877340
0.54651439 -0.11544237 0.63901383 4292877340
0.54939598 -0.11544237 0.63900918 4292811547
0.55227757 -0.11544237 0.63900465 4292811547
0.55458283 -0.1154424 0.63900101 4292811547
0.5568881 -0.1154424 0.63899732 4292877340
0.55919337 -0.1154424 0.63899362 4292811547
0.56092232 -0.11544241 0.63899088 4292877340
0.52461439 -0.11371338 0.63904601 4291631385
0.52691966 -0.11313706 0.63904142 4291762714
0.52922493 -0.11313709 0.63903773 4292811547
0.5315302 -0.11313708 0.63903403 4292877340
0.53441179 -0.11313708 0.63902938 4292811547
0.53729337 -0.11313709 0.63902485 4292745754
0.53959864 -0.11313708 0.63902122 4292745754
0.54190385 -0.11313711 0.63901752 4292943133
0.54420912 -0.1131371 0.63901383 4292877340
0.54651439 -0.1131371 0.63901019 4292811547
0.54939598 -0.1131371 0.63900554 4292877340
0.55227757 -0.1131371 0.63900095 4292877340
0.55458283 -0.11313713 0.63899732 4292679961
0.5568881 -0.11313713 0.63899362 4292811547
0.55919337 -0.11313713 0.63898998 4292811547
0.56092232 -0.11313714 0.63898718 4292811547
0.52980125 -0.11140814 0.63903403 4288419350
0.5315302 -0.11140813 0.63903129 4292877340
0.53441179 -0.11083182 0.63902575 4291958808
0.53729337 -0.11083182 0.63902122 4292943133
0.53959864 -0.11083184 0.63901752 4292877340
0.54190385 -0.11083184 0.63901383 4293074719
0.54420912 -0.11083183 0.63901019 4293008926
0.54651439 -0.11083186 0.6390065 4292943133
0.54939598 -0.11083186 0.63900185 4292877340
0.55227757 -0.11083187 0.63899732 4292943133
0.55458283 -0.11083186 0.63899362 4292745754
0.5568881 -0.11083186 0.63898993 4293008926
0.55919337 -0.11083189 0.63898629 4292877340
0.56092232 -0.11083188 0.63898355 4292811547
0.53729337 -0.1091029 0.63901842 4290450966
0.53979069 -0.10871868 0.63901383 4291172119
0.54190385 -0.10852657 0.63901013 4292811547
0.54420912 -0.10852657 0.6390065 4292877340
0.54651439 -0.10852659 0.6390028 4292943133
0.54939598 -0.10852659 0.63899815 4292877340
0.55227757 -0.1085266 0.63899362 4292811547
0.55458283 -0.10852659 0.63898993 4292811547
0.5568881 -0.10852659 0.63898629 4292811547
0.55919337 -0.10852662 0.63898259 4292811547
0.56092232 -0.10852661 0.63897985 4292811547
0.54420912 -0.10679762 0.63900375 4291631385
0.54651439 -0.10622133 0.6389991 4291565335
0.54939598 -0.10622133 0.63899446 4292877340
0.55227757 -0.10622133 0.63898993 4292811547
0.55458283 -0.10622133 0.63898629 4292745754
0.5568881 -0.10622133 0.63898259 4292745754
0.55919337 -0.10622135 0.6389789 4292877340
0.56092232 -0.10622134 0.63897616 4292877340
0.5499723 -0.10449238 0.63899088 4290516759
0.55246967 -0.10410816 0.63898629 4291369498
0.55458283 -0.10391606 0.63898259 4292877340
0.5568881 -0.10333977 0.63897794 4292811547
0.55919337 -0.10333976 0.63897425 4292877340
0.56092227 -0.10333975 0.63897157 4292811547
0.55515915 -0.10045817 0.63897616 4290647831
0.5568881 -0.10045818 0.63897341 4292877340
0.55919337 -0.10045818 0.63896972 4292745754
0.56092227 -0.1004582 0.63896698 4292877340
0.55477494 -0.097960807 0.63897276 4291368984
0.5568881 -0.098152913 0.63896972 4292877340
0.55919337 -0.098152913 0.63896602 4292811547
0.56092227 -0.098152928 0.63896328 4292679961
0.55458283 -0.095847651 0.63896972 4292877340
0.5568881 -0.095847651 0.63896602 4292877340
0.55919331 -0.095847644 0.63896239 4292811547
0.56092227 -0.095847666 0.63895959 4292877340
0.55285388 -0.093542367 0.63896883 4290779417
0.55458277 -0.093542382 0.63896602 4292811547
0.55688804 -0.093542382 0.63896239 4292811547
0.55919331 -0.093542375 0.63895869 4292811547
0.56092227 -0.093542397 0.63895595 4292811547
0.55246967 -0.091045007 0.63896543 4291500570
0.55458277 -0.091237113 0.63896239 4292811547
0.55688804 -0.091237113 0.63895869 4292745754
0.55919331 -0.091237135 0.638955 4292943133
0.56092227 -0.091237128 0.63895226 4292811547
0.55054861 -0.087779202 0.63896328 4288681237
0.55227757 -0.088355534 0.63896137 4292877340
0.55458283 -0.088355534 0.63895768 4292877340
0.5568881 -0.088355526 0.63895404 4292877340
0.55919337 -0.088355556 0.63895035 4292877340
0.56092227 -0.088355541 0.63894767 4292811547
0.5501644 -0.085281841 0.63895988 4291500570
0.55227751 -0.085473947 0.63895684 4292811547
0.55458277 -0.085473947 0.63895315 4292811547
0.55688804 -0.08547397 0.63894951 4292745754
0.55919331 -0.08547397 0.63894582 4292811547
0.56092227 -0.085473955 0.63894308 4292943133
0.54997224 -0.083168685 0.63895684 4292352795
0.55227751 -0.083168685 0.63895315 4292811547
0.55458277 -0.083168678 0.63894951 4292877340
0.55688804 -0.0831687 0.63894582 4292943133
0.55919331 -0.0831687 0.63894212 4292877340
0.56092227 -0.083168693 0.63893938 4292811547
0.54939592 -0.080863409 0.63895398 4292155930
0.55227751 -0.080863416 0.63894945 4292943133
0.55458277 -0.080863439 0.63894582 4292877340
0.55688804 -0.080863439 0.63894212 4292811547
0.55919331 -0.080863431 0.63893849 4292877340
0.56092227 -0.080863453 0.63893569 4292811547
0.54709071 -0.07798183 0.63895315 4288681237
0.54939592 -0.078558147 0.63895035 4292877340
0.55227751 -0.078558177 0.63894582 4292877340
0.55458277 -0.078558169 0.63894212 4292943133
0.55688804 -0.078558169 0.63893843 4292811547
0.55919331 -0.078558162 0.63893479 4292745754
0.56092227 -0.078558184 0.63893205 4292877340
0.54709071 -0.076252878 0.63895041 4292811547
0.54939592 -0.076252908 0.63894665 4292877340
0.55227751 -0.076252878 0.63894212 4292811547
0.55458277 -0.0762529 0.63893843 4292877340
0.55688804 -0.0762529 0.63893479 4292877340
0.55919331 -0.076252893 0.6389311 4292943133
0.56092227 -0.076252915 0.63892835 4292943133
0.54651433 -0.073371321 0.63894665 4292090394
0.54939598 -0.073371291 0.63894206 4292811547
0.55227757 -0.073371321 0.63893747 4292811547
0.55458283 -0.073371321 0.63893378 4292877340
0.5568881 -0.073371314 0.63893014 4292877340
0.55919337 -0.073371343 0.63892645 4292745754
0.56092227 -0.073371328 0.63892376 4292811547
0.54478544 -0.070489712 0.63894486 4290515988
0.54651433 -0.070489734 0.63894212 4292943133
0.54939592 -0.070489734 0.63893747 4292811547
0.55227751 -0.070489734 0.63893294 4292943133
0.55458277 -0.070489734 0.63892925 4292745754
0.55688804 -0.070489727 0.63892555 4292877340
0.55919331 -0.070489757 0.63892192 4292943133
0.56092227 -0.070489742 0.63891917 4292943133
0.54420906 -0.068184465 0.63894212 4290844953
0.54651433 -0.068184465 0.63893843 4292811547
0.54939592 -0.068184465 0.63893378 4292877340
0.55227751 -0.068184473 0.63892925 4292877340
0.55458277 -0.068184465 0.63892555 4292877340
0.55688804 -0.068184495 0.63892192 4292811547
0.55919331 -0.068184488 0.63891822 4292943133
0.56092227 -0.06818448 0.63891548 4292745754
0.54248017 -0.065302864 0.63894027 4288681237
0.54420906 -0.065879203 0.63893843 4292877340
0.54651433 -0.065879196 0.63893473 4292877340
0.54939592 -0.065879196 0.63893008 4292877340
0.55227751 -0.065879203 0.63892555 4292877340
0.55458277 -0.065879196 0.63892192 4292745754
0.55688804 -0.065879226 0.63891822 4292877340
0.55919331 -0.065879218 0.63891453 4292745754
0.56092227 -0.065879211 0.63891178 4292745754
0.54420906 -0.064150251 0.63893569 4291248948
0.54670644 -0.063766025 0.6389311 4291835693
0.54939592 -0.063573934 0.63892645 4292877340
0.55227751 -0.063573934 0.63892192 4292811547
0.55458277 -0.063573927 0.63891822 4292811547
0.55688804 -0.063573956 0.63891453 4292811547
0.55919331 -0.063573949 0.63891089 4292745754
0.56092227 -0.063573942 0.63890809 4292811547
0.55054855 -0.061844993 0.63892192 4289488970
0.55227751 -0.061844982 0.63891912 4292943133
0.55458277 -0.061268691 0.63891453 4291964454
0.55688804 -0.061268687 0.63891089 4292943133
0.55919331 -0.061268684 0.63890719 4292811547
0.56092227 -0.061268702 0.63890445 4292811547
0.55746436 -0.059539743 0.63890719 4291314741
0.55919331 -0.059539732 0.63890445 4293008926
0.56092227 -0.058963437 0.63890076 4292227626
0.5241791 -0.13365318 0.64157844 4284691750
0.52276421 -0.12965225 0.64107436 4284222219
0.52353442 -0.13119388 0.64107561 4284222219
0.52237815 -0.12772518 0.64107192 4284288012
0.52160794 -0.12560537 0.64106977 4284288012
0.52045172 -0.12271479 0.64106697 4284222219
0.52102888 -0.12387103 0.64106792 4285336845
0.5626533 -0.12260503 0.64199954 4284353805
0.51987267 -0.12098043 0.64106512 4285336845
0.5626533 -0.121447 0.64199769 4288681237
0.51890945 -0.11847524 0.64106268 4284222219
0.51813918 -0.11577736 0.64105958 4284157197
0.51929486 -0.11616277 0.64105839 4286976016
0.52340293 -0.11358914 0.64004773 4288156178
0.53717637 -0.10870849 0.64201796 4288090385
0.54010773 -0.1076837 0.64101166 4288419350
0.54302835 -0.10666256 0.64000541 4288287764
0.55528593 -0.10107184 0.64072692 4285337102
0.55441231 -0.098397344 0.64122403 4284680971
0.55340362 -0.095543236 0.64097106 4285402895
0.5524404 -0.09303803 0.64096862 4284419598
0.55186802 -0.091163814 0.64063323 4285664525
0.55051392 -0.088027664 0.64096367 4284288012
0.55109113 -0.089183912 0.64096463 4284222219
0.55012786 -0.086100608 0.64096123 4284353805
0.54906815 -0.08340314 0.64095861 4284222219
0.54781544 -0.08031939 0.64095569 4284353805
0.54875678 -0.082073517 0.64195698 4284419598
0.54742992 -0.078392327 0.64095324 4285009165
0.54646611 -0.075887129 0.6409508 4285336845
0.5453099 -0.072996534 0.640948 4284353805
0.5458889 -0.074152775 0.64094895 4284288012
0.54474634 -0.071068607 0.64044589 4285205516
0.54375917 -0.06830731 0.6412763 4284419598
0.54280502 -0.065673679 0.64094031 4284488470
0.52431118 -0.133421 0.64407796 4284555546
0.52314955 -0.13051689 0.64407516 4284419598
0.52379555 -0.13177392 0.64307606 4284353805
0.5226357 -0.1288743 0.64307332 4284353805
0.5216465 -0.12594049 0.64340359 4284156426
0.56380737 -0.12528951 0.64400202 4284353805
0.520316 -0.12249514 0.64306682 4284222219
0.52082628 -0.12354696 0.64406776 4284090633
0.56293803 -0.12302025 0.64349973 4284090633
0.51966459 -0.12006202 0.64406401 4284222219
0.5191561 -0.1190156 0.64306313 4284090633
0.51799631 -0.11553606 0.64305943 4283828489
0.51850295 -0.11657706 0.64406031 4284353805
0.53423417 -0.10973686 0.64302427 4288287764
0.55451411 -0.10263732 0.64398068 4288681494
0.55539358 -0.10096687 0.64347661 4284353805
0.55423284 -0.098645389 0.6434747 4284222219
0.55279166 -0.094658874 0.64297062 4284419598
0.55365199 -0.096322984 0.64347196 4284090633
0.55249125 -0.092840731 0.64346826 4284288012
0.55163181 -0.09059941 0.64296603 4284353805
0.55047196 -0.087699793 0.64296323 4284288012
0.55102915 -0.088697493 0.64396399 4284288012
0.55006903 -0.086042203 0.64362788 4284288012
0.54900897 -0.083554737 0.64345896 4284222219
0.54815227 -0.080740705 0.64295584 4284419598
0.54870588 -0.081727594 0.64395654 4284353805
0.5473603 -0.078302674 0.64361989 4284288012
0.54610759 -0.075430378 0.64345062 4284419598
0.54522091 -0.072434358 0.6439473 4284222219
0.54583257 -0.073781617 0.64294839 4284288012
0.54467273 -0.070882 0.64294565 4284485391
0.54378605 -0.068465903 0.64344323 4284156426
0.54289758 -0.066045277 0.64394081 4284353805
0.54351288 -0.066822529 0.642941 4284353805
0.52417731 -0.13323563 0.64607781 4284353805
0.52301204 -0.13032249 0.64607507 4284419598
0.52359378 -0.13148776 0.64607596 4284288012
0.56553835 -0.13022536 0.64700711 4284156426
0.522623 -0.12838039 0.64607257 4284353805
0.56496131 -0.12857468 0.64600539 4284353805
0.52150661 -0.12573163 0.64540344 4284288012
0.56418395 -0.12643835 0.64600319 4284222219
0.52042729 -0.12280322 0.64556718 4284156426
0.52118999 -0.12438996 0.6470685 4284156426
0.56306505 -0.12330445 0.64625007 4284222219
0.5637961 -0.12449627 0.64600074 4284024840
0.51993376 -0.12097296 0.64631504 4284288012
0.5189327 -0.11808728 0.64606202 4284222219
0.51835102 -0.11633937 0.64606017 4284156426
0.52585822 -0.11271936 0.64704239 4283632395
0.52883828 -0.11167837 0.64603603 4285861133
0.5318076 -0.11064096 0.6450296 4286255891
0.54569829 -0.10571702 0.6469996 4283435016
0.5486477 -0.10468684 0.64599329 4283237637
0.55158633 -0.10366026 0.64498699 4285795340
0.55505574 -0.10060845 0.64597654 4284353805
0.55408496 -0.098083712 0.64597398 4284222219
0.55369657 -0.096141599 0.64597154 4284353805
0.5527252 -0.093616895 0.64596909 4284288012
0.55171245 -0.090743825 0.64571613 4284288012
0.55042285 -0.087371893 0.64496285 4284353805
0.55097824 -0.088955842 0.64596444 4284288012
0.54999751 -0.085988075 0.64629459 4284353805
0.54903555 -0.083323754 0.6459586 4284419598
0.54805356 -0.080547169 0.64628905 4284288012
0.5486477 -0.081381679 0.6459561 4284222219
0.54709339 -0.078274302 0.6459536 4284090633
0.54670501 -0.076332197 0.64595109 4284288012
0.54569823 -0.073622793 0.6469484 4284090633
0.54576904 -0.073992178 0.6449489 4284156426
0.54457617 -0.070699506 0.64574552 4284353805
0.54359764 -0.067786962 0.64594251 4284288012
0.54282141 -0.065650657 0.64594024 4284485391
0.52429223 -0.13300437 0.64857727 4284419598
0.56640387 -0.13300444 0.64851016 4284222219
0.52286732 -0.1301281 0.64807492 4284222219
0.5233776 -0.13120158 0.64907587 4284353805
0.56552172 -0.13003097 0.64900684 4284419598
0.56611538 -0.13129704 0.64800787 4284222219
0.52253711 -0.12832437 0.64857262 4284419598
0.56474799 -0.12814645 0.64833838 4284222219
0.52169842 -0.12603705 0.64807028 4284353805
0.56406432 -0.12598583 0.64850271 4284222219
0.52052957 -0.12311488 0.64806747 4284419598
0.52103627 -0.12417755 0.64906842 4284090633
0.56318039 -0.12359226 0.64900029 4284222219
0.51961315 -0.12013692 0.64856422 4284222219
0.56260878 -0.1219461 0.64799851 4288615444
0.51869488 -0.11715352 0.64906096 4284156426
0.51819181 -0.11610169 0.64806002 4284353805
0.51986557 -0.11481218 0.64905536 4283960075
0.52286732 -0.11376397 0.64804882 4283500809
0.53976697 -0.10778819 0.64901239 4283698188
0.54273802 -0.10675081 0.64800596 4283566602
0.55518895 -0.10081102 0.64864331 4284091147
0.55412084 -0.097910471 0.64847374 4284353805
0.55353642 -0.095571831 0.64847094 4284222219
0.55236661 -0.093232296 0.64846909 4284353805
0.5517813 -0.090891868 0.64846629 4284222219
0.55092007 -0.088633381 0.647964 4284156426
0.55002713 -0.086213686 0.64846158 4284419598
0.54914957 -0.083581463 0.64845878 4284288012
0.54796165 -0.08027745 0.64895546 4284353805
0.54710221 -0.078024417 0.64845318 4284288012
0.54651779 -0.075685769 0.64845037 4284288012
0.54534805 -0.073346235 0.64844853 4284156426
0.54476267 -0.071005777 0.64844573 4284222219
0.54390687 -0.068762667 0.6479435 4284353805
0.54273802 -0.065256044 0.64793974 4284823593
0.54327893 -0.066814736 0.6489414 4284353805
0.56842339 -0.13856 0.65201581 4284288012
0.56740808 -0.13573046 0.65076292 4284288012
0.52400607 -0.13257648 0.65107703 4284288012
0.56652188 -0.13304335 0.65126002 4284222219
0.52322382 -0.13042364 0.65107489 4284222219
0.56549782 -0.12983657 0.65100658 4284156426
0.56608409 -0.13101086 0.65100747 4284288012
0.52244037 -0.12827079 0.65107268 4284222219
0.56471443 -0.12827086 0.65100533 4284156426
0.52165753 -0.12553082 0.65106958 4284353805
0.56393152 -0.12553088 0.65100217 4284288012
0.52037042 -0.12289884 0.65006745 4284156426
0.52087533 -0.12396511 0.65106833 4284222219
0.56314927 -0.12337805 0.65099996 4284222219
0.52009183 -0.12122513 0.65106517 4284353805
0.51911294 -0.11868086 0.65106267 4284222219
0.51793867 -0.11574516 0.65105987 4284222733
0.51852673 -0.11691942 0.65106082 4284288012
0.53431702 -0.10974593 0.65202421 4283237637
0.53731513 -0.10869952 0.65101773 4283369223
0.55431038 -0.10268947 0.65198106 4283960075
0.55532014 -0.10126247 0.65097719 4284156426
0.55453724 -0.098522484 0.65097404 4284222219
0.55317789 -0.095441505 0.65063798 4284288012
0.55375504 -0.096956782 0.65097278 4284222219
0.55242515 -0.093102552 0.65121877 4284288012
0.55179727 -0.090693973 0.65096593 4284288012
0.55081844 -0.088149689 0.65096343 4284288012
0.54984015 -0.085605405 0.65096092 4284288012
0.5490579 -0.083452567 0.65095872 4284222219
0.54788363 -0.080516875 0.65095592 4284156426
0.54846984 -0.081691168 0.65095687 4284156426
0.54749161 -0.078559749 0.65095341 4284353805
0.54641533 -0.075820222 0.65095079 4284288012
0.54514307 -0.072688363 0.65094781 4284156426
0.54607785 -0.074463509 0.65194911 4284485391
0.54475158 -0.070731238 0.65094531 4284222219
0.54377276 -0.068186954 0.6509428 4284222219
0.54279453 -0.06564267 0.6509403 4284353805
0.5695774 -0.14252156 0.65402031 4284485391
0.56928891 -0.14079253 0.65351808 4284353805
0.56839776 -0.13839264 0.6540156 4284419598
0.56752032 -0.13607645 0.65351337 4284353805
0.52449501 -0.13371973 0.65357816 4284757543
0.56693137 -0.13371979 0.65351051 4284156426
0.52306288 -0.1296421 0.65307391 4284156426
0.52356952 -0.13131443 0.6540758 4284288012
0.56546676 -0.13023111 0.65300727 4284288012
0.56603837 -0.13190436 0.65400904 4284419598
0.5221374 -0.12782575 0.6535725 4284353805
0.56457376 -0.12782584 0.65350491 4284288012
0.52154756 -0.12546727 0.6535697 4284419598
0.56398392 -0.12546736 0.65350205 4284288012
0.52070713 -0.12316374 0.65306735 4284222219
0.56311101 -0.1231638 0.65299976 4284353805
0.51977986 -0.12075305 0.65356499 4284288012
0.5188508 -0.11774801 0.65406168 4284353805
0.51835132 -0.11668534 0.65306073 4284353805
0.5282883 -0.11184958 0.65403718 4283500809
0.53130805 -0.11079597 0.65303069 4283435016
0.55133218 -0.10372868 0.65298754 4283763981
0.55514348 -0.10071372 0.65347666 4284156426
0.55444956 -0.098527834 0.65364093 4284156426
0.55306178 -0.095333971 0.65397137 4284288012
0.55368787 -0.096661359 0.65297246 4284156426
0.55278587 -0.093640983 0.65346915 4284353805
0.55169874 -0.090668067 0.65363276 4284353805
0.55042827 -0.087747067 0.65346348 4284222219
0.54983842 -0.085388586 0.65346062 4284353805
0.54897636 -0.083115675 0.65295839 4284222219
0.54779845 -0.080170959 0.65295553 4284485391
0.548343 -0.081177704 0.65395629 4284222219
0.54748088 -0.078315847 0.65345311 4284156426
0.54630208 -0.075958289 0.65345126 4284353805
0.5454427 -0.073103637 0.65294802 4284024840
0.54598361 -0.074099571 0.65394872 4284485391
0.54480392 -0.071150325 0.65394592 4284222219
0.54394448 -0.06888555 0.65344369 4284353805
0.54276574 -0.065349169 0.65343994 4284889386
0.54362422 -0.067021407 0.65394121 4284222219
0.57073146 -0.14473346 0.65602201 4284353805
0.57130843 -0.14643738 0.65702379 4284353805
0.56994194 -0.14315572 0.65602076 4284222219
0.56915313 -0.14039469 0.6560176 4284288012
0.56836486 -0.13822532 0.6560154 4284222219
0.5675754 -0.13605593 0.65601325 4284288012
0.52418786 -0.13329484 0.65607792 4284356884
0.56673187 -0.13346964 0.65626037 4284288012
0.52365202 -0.13107865 0.6565752 4284222219
0.56540567 -0.1305339 0.65600783 4284222219
0.56599826 -0.13171719 0.65600878 4284222219
0.52261013 -0.12895609 0.65607351 4284419598
0.56496835 -0.12848833 0.65575528 4284288012
0.52162415 -0.12580062 0.65607005 4284353805
0.56406856 -0.1257755 0.65625232 4284222219
0.5204404 -0.12225072 0.6560663 4284419598
0.52103299 -0.12343404 0.65606719 4284485391
0.56304789 -0.12307566 0.65566629 4285730318
0.51959997 -0.1205316 0.6555649 4284288012
0.51906019 -0.11830639 0.65606225 4284288012
0.5180738 -0.11633423 0.65606064 4284156426
0.51916397 -0.11503211 0.65705681 4284025868
0.52221626 -0.11396764 0.65605021 4283369223
0.52525771 -0.11290682 0.65504372 4283566602
0.54286599 -0.10673644 0.65700579 4283632395
0.54588217 -0.10568462 0.6559993 4283632395
0.54888755 -0.10463641 0.65499282 4283763981
0.55495352 -0.10016257 0.655976 4284288012
0.55590212 -0.10199606 0.65697742 4284091661
0.55416524 -0.097993203 0.65597379 4284222219
0.55298197 -0.095034957 0.65597099 4284485391
0.55357271 -0.096218251 0.65597194 4284419598
0.55258691 -0.093062788 0.65596849 4284288012
0.55158639 -0.090643972 0.65629953 4284156426
0.55061537 -0.087935165 0.65596342 4284353805
0.55120611 -0.089118488 0.65596437 4284288012
0.55002284 -0.086160243 0.65596151 4284222219
0.54899967 -0.083244331 0.65570849 4284156426
0.54797739 -0.080330215 0.65545553 4284288012
0.54879147 -0.081849337 0.65695661 4284419598
0.54736084 -0.078469239 0.65595353 4284288012
0.54627603 -0.075707786 0.65595078 4284222219
0.54528958 -0.072552301 0.65594739 4284156426
0.54588217 -0.073735617 0.65594828 4284222219
0.54469883 -0.070777372 0.65594548 4284222219
0.54390937 -0.068607971 0.65594327 4284222219
0.54292303 -0.066044174 0.65594077 4284288012
0.5724625 -0.15045577 0.65902841 4284288012
0.57217395 -0.14870685 0.65852612 4284156426
0.57069856 -0.14517941 0.65802282 4284222219
0.5712738 -0.14688963 0.6590246 4284419598
0.56979835 -0.14276782 0.6585204 4284222219
0.56920403 -0.14039131 0.65851754 4284288012
0.56832474 -0.13805798 0.65801519 4284288012
0.56742275 -0.13564098 0.65851283 4284353805
0.52440929 -0.13390374 0.65807861 4284353805
0.56651896 -0.13321948 0.65901035 4284222219
0.52322239 -0.13034302 0.6580748 4284222219
0.52372545 -0.13143633 0.65907574 4284222219
0.56533021 -0.13024771 0.65900749 4284288012
0.56595093 -0.13153002 0.65800858 4284156426
0.5225367 -0.12846456 0.65907288 4284156426
0.56504714 -0.12851414 0.65850526 4284353805
0.52169174 -0.12613754 0.65857053 4284288012
0.56414151 -0.12608722 0.65900278 4284353805
0.52109832 -0.12376285 0.65856773 4284222219
0.56295276 -0.12311544 0.65899992 4284090633
0.56357712 -0.12440857 0.65800101 4284090633
0.51982754 -0.12081178 0.65839833 4284419598
0.51872265 -0.11782381 0.658562 4284353805
0.53680116 -0.10885091 0.65901887 4283500809
0.53983903 -0.10779188 0.65801233 4283369223
0.55526876 -0.10126392 0.65797728 4284288012
0.5542652 -0.098249242 0.65830743 4284353805
0.55289495 -0.09473595 0.65797067 4284156426
0.55344313 -0.09577515 0.65897143 4284551184
0.55257469 -0.092879027 0.65846825 4284222219
0.55138689 -0.090503417 0.65846634 4284222219
0.55052114 -0.087614506 0.6579631 4284156426
0.55106568 -0.088642888 0.65896386 4284222219
0.54987699 -0.085671119 0.658961 4284288012
0.54901123 -0.083376579 0.65845877 4284222219
0.54814738 -0.080493085 0.65795553 4284288012
0.54868829 -0.081510656 0.65895629 4284419598
0.54723001 -0.078626253 0.658454 4284288012
0.54663563 -0.076249741 0.6584512 4284156426
0.54577351 -0.073965125 0.65794891 4284353805
0.54476511 -0.07093659 0.65827894 4284353805
0.5436666 -0.067935973 0.65844262 4284156426
0.54274476 -0.065463059 0.65894014 4284156426
0.57419354 -0.15503804 0.66203296 4284419598
0.5736165 -0.15330708 0.66103107 4284353805
0.57282102 -0.15112117 0.66102886 4284419598
0.57202613 -0.14833911 0.6610257 4284222219
0.57063478 -0.14555705 0.66102344 4284288012
0.57123184 -0.14674936 0.66102439 4284288012
0.57043642 -0.14396729 0.66102129 4284222219
0.56932342 -0.14102621 0.66101837 4284288012
0.56822288 -0.13772331 0.66201484 4284353805
0.56827742 -0.13789065 0.66001499 4284222219
0.56725687 -0.13522363 0.66101235 4284353805
0.52416587 -0.1328689 0.66074401 4284222219
0.56646258 -0.13303772 0.66101015 4284288012
0.52294219 -0.13005683 0.66107476 4284288012
0.52353919 -0.13124916 0.66107571 4284485391
0.5652703 -0.13005692 0.66100729 4284485391
0.56586552 -0.13124923 0.66100824 4284288012
0.5225966 -0.12821977 0.6615724 4284288012
0.56487221 -0.12806973 0.66100472 4284288012
0.52171731 -0.12604825 0.66140366 4284156426
0.56407791 -0.12588382 0.66100252 4284353805
0.52055752 -0.12290293 0.66106713 4284222219
0.52115458 -0.12409525 0.66106808 4284222219
0.56288564 -0.12290303 0.66099966 4288418065
0.56348091 -0.12409534 0.66100061 4284353805
0.51996225 -0.12111448 0.66106522 4284288012
0.51916677 -0.11892854 0.66106302 4284288012
0.51806986 -0.11563199 0.66205955 4284025868
0.51827592 -0.11646134 0.66006052 4284419598
0.52762282 -0.11204965 0.66203862 4283632395
0.53069311 -0.1109798 0.66103196 4283566602
0.53375256 -0.10991357 0.66002542 4283632395
0.55150521 -0.10369086 0.66198719 4283698188
0.55453938 -0.10263363 0.66098064 4284025868
0.55513465 -0.10084514 0.66097683 4284288012
0.55414134 -0.098261811 0.66097426 4284288012
0.5537439 -0.096274622 0.66097182 4284288012
0.55275005 -0.093691252 0.66096926 4284222219
0.55175668 -0.09110792 0.66096669 4284222219
0.55041975 -0.087293848 0.65996271 4284288012
0.55096245 -0.088922009 0.66096443 4284419598
0.54995048 -0.08588776 0.66129458 4284222219
0.54897463 -0.083159141 0.66095847 4284353805
0.54798079 -0.079979636 0.66095495 4284288012
0.54857779 -0.081171952 0.66095591 4284090633
0.54698747 -0.077992439 0.66095334 4284222219
0.54659003 -0.07600525 0.66095084 4284222219
0.54559612 -0.073421881 0.66094828 4284353805
0.54460281 -0.070838518 0.66094571 4284288012
0.54402804 -0.06891378 0.66061026 4284156426
0.54288125 -0.066172481 0.66144103 4284156426
0.54327667 -0.067055136 0.65994179 4284222219
0.54261619 -0.064479508 0.66093874 4285293124
0.575059 -0.15794429 0.66353625 4284555802
0.57446015 -0.15554975 0.66353339 4284419598
0.5735746 -0.15318663 0.66303098 4284353805
0.57266539 -0.15076335 0.66352862 4284156426
0.57206649 -0.14836878 0.66352576 4284419598
0.57055658 -0.14534119 0.66402328 4284222219
0.57118273 -0.14660907 0.66302431 4284222219
0.57027173 -0.14358237 0.66352093 4284222219
0.56935889 -0.14114915 0.66401851 4284419598
0.56816113 -0.13815482 0.66401565 4284419598
0.56879091 -0.13943352 0.66301668 4284090633
0.56757319 -0.13578817 0.66367948 4284156426
0.52419347 -0.13280997 0.6635772 4284222219
0.56639904 -0.13285592 0.66301 4284222219
0.52334577 -0.13106199 0.66307575 4284156426
0.5654844 -0.1304173 0.66350758 4284288012
0.52239871 -0.12802356 0.66357243 4284222219
0.56488556 -0.12802273 0.66350472 4284353805
0.5214498 -0.12497975 0.66406906 4284353805
0.56400722 -0.1256804 0.66300237 4284156426
0.52025205 -0.12258428 0.66406715 4284288012
0.52095395 -0.12388644 0.66306812 4284419598
0.56337023 -0.1237821 0.66400033 4284156426
0.52000505 -0.12084262 0.6635648 4284288012
0.51905429 -0.11839224 0.66406238 4284288012
0.51856208 -0.11671089 0.66306049 4284288012
0.52504295 -0.11300248 0.6640442 4283566602
0.54540431 -0.10581617 0.66400027 4283566602
0.54846019 -0.10475172 0.66299373 4283500809
0.55498612 -0.10042639 0.66397643 4284156426
0.5541141 -0.098102085 0.66347414 4284288012
0.55324388 -0.095184326 0.66297084 4284419598
0.55378842 -0.096234344 0.66397166 4284616977
0.55259067 -0.093240023 0.6639688 4284353805
0.55172044 -0.090921141 0.66346651 4284222219
0.550852 -0.08860673 0.66296417 4284353805
0.54992563 -0.086134739 0.66346174 4284419598
0.54932678 -0.083740175 0.66345882 4284353805
0.54846013 -0.08143121 0.66295654 4284156426
0.54722202 -0.078326076 0.66362023 4284222219
0.54633516 -0.075363316 0.66345024 4284419598
0.54540431 -0.072878659 0.66394776 4284419598
0.54453951 -0.070575088 0.66344547 4284353805
0.5439415 -0.068182342 0.66344261 4284090633
0.5427447 -0.065788686 0.6634407 4284156426
0.57530022 -0.15781133 0.66603559 4284555802
0.57449871 -0.15560888 0.66603339 4284288012
0.5734973 -0.15300597 0.66603082 4284288012
0.57249647 -0.1504031 0.66602832 4284288012
0.57209605 -0.14840086 0.66602576 4284222219
0.57049483 -0.1451973 0.66602314 4284222219
0.57109463 -0.14639865 0.66602409 4284288012
0.57009381 -0.14319508 0.66602057 4284288012
0.5692935 -0.14099263 0.66601831 4284156426
0.56809217 -0.13798928 0.66601545 4284288012
0.56869197 -0.13919063 0.6660164 4284222219
0.56769115 -0.13598709 0.66601288 4284353805
0.52424258 -0.13318388 0.66607767 4284222219
0.56644946 -0.1332069 0.66576046 4284156426
0.52314514 -0.13027504 0.66507483 4284419598
0.52364278 -0.13198255 0.66607672 4284419598
0.56540912 -0.13022831 0.66550738 4284222219
0.56625032 -0.13189085 0.6670087 4284222219
0.52244145 -0.12837973 0.66607291 4284353805
0.56492776 -0.12835477 0.66625518 4284288012
0.52163994 -0.12557542 0.66606975 4284222219
0.56388658 -0.12537529 0.66600204 4284222219
0.5206027 -0.12313734 0.66640085 4284222219
0.56328684 -0.12357327 0.66600013 4284485391
0.51963776 -0.12036964 0.66606456 4284288012
0.51908267 -0.11811136 0.6665619 4284222219
0.5181247 -0.11624993 0.66706043 4284288012
0.51859224 -0.11582213 0.66555899 4284222733
0.5219456 -0.11408137 0.66505086 4283632395
0.53978121 -0.10782803 0.66701251 4283566602
0.5423376 -0.1068842 0.66500688 4283632395
0.55553246 -0.1020861 0.66497821 4283960075
0.55542201 -0.10121078 0.66697699 4284288012
0.55427635 -0.09834522 0.6659742 4284222219
0.5530746 -0.09474121 0.66597039 4284353805
0.55367613 -0.095942549 0.66597134 4284222219
0.5524748 -0.092939205 0.66596848 4284353805
0.55167329 -0.090736762 0.66596621 4284222219
0.55067188 -0.088133886 0.66596365 4284222219
0.54967111 -0.085530981 0.66596109 4284288012
0.54927063 -0.083528742 0.66595858 4284222219
0.54820317 -0.080757387 0.66695589 4284222219
0.54833525 -0.08109431 0.66495615 4284156426
0.54726845 -0.078322954 0.66595346 4284156426
0.54646814 -0.076120511 0.66595119 4284222219
0.54526675 -0.073117197 0.66594833 4284288012
0.54586655 -0.074318513 0.66594929 4284222219
0.54486573 -0.071114965 0.66594583 4284419598
0.54388934 -0.068374902 0.6656096 4284288012
0.54260081 -0.065404899 0.66544032 4284621595
0.54339063 -0.066921309 0.66694146 4284485391
0.57524568 -0.15770532 0.66803557 4284156426
0.57432652 -0.15526758 0.66853315 4284353805
0.57340562 -0.15282534 0.66903067 4284222219
0.57251734 -0.15044329 0.66852832 4284485391
0.57191485 -0.14803252 0.66852546 4284288012
0.57099205 -0.14558484 0.66902298 4284353805
0.57010561 -0.14320822 0.66852063 4284353805
0.56922096 -0.14083613 0.66801822 4284222219
0.56801599 -0.13782376 0.66801536 4284222219
0.5685786 -0.13894776 0.66901624 4284156426
0.56769395 -0.13597316 0.66851294 4284419598
0.52428353 -0.13356139 0.66857827 4284691750
0.56681108 -0.13420893 0.66801149 4284485391
0.52368104 -0.13115062 0.66857541 4284222219
0.56560612 -0.1305941 0.66800767 4284353805
0.56616509 -0.13170727 0.66900855 4284353805
0.52247524 -0.12873891 0.66857344 4284222219
0.56495833 -0.12869039 0.66900563 4284419598
0.52158898 -0.12574065 0.66840339 4284156426
0.56407642 -0.1263264 0.66850328 4284090633
0.52030873 -0.1220532 0.66906619 4284288012
0.56375158 -0.12446677 0.6690008 4284353805
0.51981831 -0.12095448 0.66806525 4284353805
0.51885766 -0.1178863 0.66856194 4284222219
0.53358293 -0.10998578 0.66902578 4283435016
0.53668749 -0.10890509 0.66801912 4283632395
0.55409759 -0.10274532 0.66898155 4283828489
0.55530435 -0.10093521 0.66897672 4284156426
0.55442959 -0.098591946 0.66847444 4284222219
0.55355668 -0.096253224 0.66797209 4284353805
0.55262125 -0.093769468 0.66846961 4284288012
0.55172753 -0.090779945 0.66829956 4284222219
0.55047733 -0.08705762 0.6689623 4284288012
0.5496062 -0.085327663 0.66846097 4284288012
0.54900372 -0.082916893 0.66845804 4284353805
0.54806381 -0.080420509 0.66895556 4284288012
0.54719448 -0.078092597 0.66845322 4284353805
0.54632699 -0.075769179 0.66795087 4284222219
0.5453862 -0.073270112 0.66844845 4284222219
0.54478282 -0.070857525 0.66844553 4284222219
0.54391712 -0.06853953 0.66794318 4284288012
0.54297453 -0.06603504 0.66844076 4284353805
0.57514948 -0.15815148 0.67103636 4284222219
0.57470483 -0.15604775 0.67078376 4284222219
0.57371348 -0.15327112 0.67169756 4284288012
0.57252729 -0.15048592 0.67102832 4284353805
0.57172042 -0.14766175 0.6710251 4284222219
0.57091409 -0.14544277 0.67102283 4284288012
0.57010657 -0.14322379 0.67102063 4284288012
0.56911218 -0.1404254 0.6706844 4284156426
0.56788731 -0.13757545 0.67101514 4284419598
0.56849337 -0.13878581 0.6710161 4284090633
0.56768584 -0.13596164 0.67101288 4284353805
0.52427781 -0.13351087 0.67141151 4284488213
0.56667691 -0.13333923 0.67101032 4284222219
0.52310419 -0.13031325 0.67107493 4284419598
0.52371025 -0.13152361 0.67107588 4284288012
0.56546658 -0.13031332 0.67100739 4284222219
0.56607264 -0.13152368 0.67100835 4284353805
0.52274603 -0.12845004 0.67157257 4284156426
0.56486231 -0.12849782 0.67100549 4284353805
0.5216924 -0.12627873 0.67107075 4284353805
0.56405479 -0.12627882 0.67100322 4284288012
0.52056789 -0.12294672 0.67206728 4284485391
0.52104437 -0.12370852 0.67056769 4284288012
0.56365192 -0.12426157 0.67100066 4284156426
0.51983488 -0.1212896 0.67056578 4284353805
0.51904929 -0.11854067 0.67081261 4284288012
0.51814353 -0.11567378 0.67205954 4283960075
0.51838207 -0.11590424 0.67005944 4284288012
0.52420431 -0.11324945 0.67204601 4284167461
0.52734131 -0.11215797 0.67103922 4283435016
0.53046751 -0.11107008 0.6700325 4283698188
0.54844743 -0.10476439 0.67199379 4284430633
0.55154836 -0.10368554 0.67098707 4283500809
0.55517942 -0.10065964 0.67097646 4284288012
0.55437195 -0.098440662 0.6709742 4284353805
0.55338532 -0.095664553 0.67063802 4284156426
0.55235469 -0.093195789 0.67096907 4284353805
0.55195123 -0.091178544 0.67096651 4284353805
0.5509423 -0.088556118 0.67096388 4284222219
0.54993397 -0.08593367 0.67096132 4284353805
0.54895037 -0.083164737 0.67062515 4284156426
0.54791731 -0.080688797 0.67095619 4284222219
0.54844743 -0.081733413 0.67195708 4284419598
0.54731166 -0.078268103 0.67095327 4284288012
0.54644281 -0.075330496 0.67045003 4284156426
0.54523337 -0.072911583 0.67044806 4284288012
0.54602313 -0.074460447 0.67194933 4284222219
0.54471958 -0.070960917 0.67119581 4284222219
0.54368019 -0.067980088 0.67094266 4284288012
0.54267186 -0.065357633 0.6709401 4284557085
0.57503873 -0.15799518 0.67403632 4284353805
0.57475477 -0.15619938 0.67353398 4284353805
0.57382298 -0.15374 0.6740315 4284288012
0.57263559 -0.15074253 0.67336196 4284288012
0.57171714 -0.14769442 0.67352521 4284222219
0.57082891 -0.14530067 0.67302281 4284156426
0.56989527 -0.14283587 0.67352039 4284288012
0.56928742 -0.14040525 0.67351747 4284288012
0.5677442 -0.13732715 0.67401499 4284156426
0.56840098 -0.13862388 0.67301601 4284288012
0.5674656 -0.1355467 0.67351264 4284288012
0.52397662 -0.13246402 0.67407697 4284156426
0.56652844 -0.13307197 0.67401016 4284222219
0.52348441 -0.13134003 0.67307597 4284288012
0.56531262 -0.13003255 0.67400724 4284485391
0.56597304 -0.13134012 0.67300826 4284353805
0.52251565 -0.12825744 0.67357266 4284288012
0.56503588 -0.12825753 0.67350489 4284353805
0.52154511 -0.12516943 0.67406923 4284288012
0.56382096 -0.1258278 0.67350292 4284419598
0.5203293 -0.12273788 0.67406726 4284156426
0.52105647 -0.12405625 0.67306823 4284156426
0.56354511 -0.12405635 0.67300051 4286451728
0.52008587 -0.12096827 0.67356491 4284353805
0.51887107 -0.11853851 0.67356294 4284222219
0.51862854 -0.1167725 0.67306048 4284419598
0.52154505 -0.11422754 0.67405176 4285162052
0.54221308 -0.10693298 0.67400718 4285097029
0.54533571 -0.1058469 0.67300045 4284233254
0.55558652 -0.10206994 0.67397809 4283828489
0.55504739 -0.10038408 0.67297626 4284090633
0.55410206 -0.097885914 0.67347383 4284353805
0.553155 -0.094775341 0.67397034 4284353805
0.55383343 -0.096135221 0.67297143 4284222219
0.55227929 -0.093025543 0.67346895 4284156426
0.55167234 -0.090596743 0.67346609 4284288012
0.55072337 -0.088088624 0.67396355 4284156426
0.54984957 -0.085736372 0.6734612 4284222219
0.54924262 -0.083307542 0.67345834 4284090633
0.54776359 -0.080353692 0.67295593 4284222219
0.54829186 -0.081401907 0.67395675 4284222219
0.54741985 -0.0784472 0.67345345 4284353805
0.54654962 -0.076104835 0.6729511 4284156426
0.54533565 -0.073069938 0.67294818 4284353805
0.54586035 -0.074107319 0.673949 4284156426
0.54464459 -0.070460021 0.67394513 4284419598
0.54377526 -0.068728268 0.67344373 4284419598
0.54290771 -0.065786161 0.67294043 4284222219
0.54342878 -0.066812724 0.6739412 4284419598
0.57552159 -0.15783887 0.67703533 4284090633
0.57454836 -0.1558587 0.67603374 4284288012
0.57373601 -0.15362318 0.67603147 4284222219
0.57292247 -0.15138765 0.67602921 4284156426
0.57210958 -0.14854243 0.67602599 4284419598
0.57073647 -0.14515862 0.67502272 4284222219
0.57129729 -0.14691663 0.67602468 4284156426
0.5700779 -0.14325967 0.6760208 4284288012
0.5693022 -0.14080086 0.67626804 4284222219
0.56819451 -0.13768944 0.67701489 4284090633
0.56830138 -0.13846198 0.67501593 4284222219
0.56723207 -0.13512933 0.67601234 4284222219
0.52414757 -0.13309698 0.67607778 4284156426
0.56641978 -0.13289382 0.67601007 4284288012
0.52317119 -0.13028234 0.67574137 4284353805
0.5654763 -0.13040918 0.67650765 4284156426
0.56586617 -0.13115653 0.67500812 4284288012
0.52227801 -0.12806486 0.67557269 4284222219
0.56479335 -0.12781307 0.67600453 4284288012
0.52170879 -0.12578072 0.67606997 4284288012
0.56370604 -0.12562798 0.67550278 4284222219
0.52056861 -0.12242464 0.67706645 4284222219
0.52081609 -0.12385106 0.67506826 4284353805
0.51967657 -0.12049676 0.67606479 4284288012
0.51910579 -0.11820634 0.67656207 4284288012
0.51812625 -0.11631875 0.6770606 4284090633
0.518381 -0.11593685 0.6750595 4284955179
0.53644389 -0.10899173 0.67701972 4285097029
0.53907967 -0.10802269 0.6750139 4284768064
0.55517673 -0.10125856 0.6754775 4284156426
0.55439651 -0.09848208 0.67572427 4284353805
0.55359036 -0.096061952 0.67630506 4284419598
0.55259955 -0.093670629 0.67596948 4284288012
0.55178726 -0.090826616 0.67596626 4284288012
0.55056787 -0.087777004 0.67596334 4284353805
0.55109799 -0.089452945 0.67696518 4284156426
0.54975438 -0.085541464 0.67596108 4284288012
0.54894143 -0.082696259 0.6759578 4284156426
0.54786587 -0.080544502 0.67545605 4284353805
0.5473156 -0.07822524 0.67595327 4284288012
0.54629916 -0.075583249 0.67595065 4284288012
0.54528332 -0.072941288 0.67594808 4284222219
0.54487681 -0.070908993 0.67594546 4284222219
0.54383057 -0.068408392 0.67627645 4284288012
0.54284453 -0.065625034 0.67594028 4284288012
0.57442451 -0.1561196 0.67870098 4285358916
0.57364178 -0.15350634 0.67803144 4284222219
0.57197613 -0.14877449 0.67869329 4284892208
0.57119584 -0.14616846 0.67802364 4284288012
0.56930524 -0.14120008 0.67901868 4285424453
0.56874985 -0.13944206 0.67801678 4284288012
0.56732965 -0.13632208 0.67876405 4285427019
0.56667173 -0.13326895 0.67867696 4284691750
0.52374387 -0.13144761 0.67857575 4284823336
0.52202928 -0.12775166 0.67882258 4285427019
0.55215824 -0.1283398 0.67902547 4289686349
0.56463104 -0.12796338 0.67867166 4285092666
0.52129608 -0.12532821 0.67856991 4285156663
0.56011939 -0.12589025 0.6790089 4287926371
0.56385791 -0.12537776 0.67800212 4284288012
0.52105361 -0.12354321 0.67806745 4284222219
0.51884836 -0.11798491 0.6785621 4284625957
0.51908904 -0.11486712 0.6790567 4285096259
0.52643776 -0.11241756 0.67904109 4285031236
0.55338299 -0.095883019 0.67897177 4285161281
0.5514133 -0.091021702 0.67871714 4285492811
0.55093342 -0.088534325 0.6789639 4284959284
0.54883295 -0.083715789 0.67845964 4285159228
0.54848385 -0.08179801 0.6789571 4285490246
0.5468803 -0.078588344 0.67862117 4285227330
0.54603428 -0.074449278 0.67894924 4285358660
0.5435847 -0.067712963 0.67894244 4285091126
0.54848379 -0.06220144 0.67892581 4285293124
0.56195647 -0.057302352 0.67889655 4285424710
